STRUCTURE,STRUCTURE_ID,ACTION,FREQ,REF_AREA,INDICATOR,SEX,AGE,URBANISATION,UNIT_MEASURE,COMP_BREAKDOWN_1,COMP_BREAKDOWN_2,COMP_BREAKDOWN_3,TIME_PERIOD,AGG_METHOD,UNIT_TYPE,DECIMALS,DATABASE_ID,TIME_FORMAT,UNIT_MULT,OBS_CONF,OBS_VALUE,FREQ_LABEL,REF_AREA_LABEL,INDICATOR_LABEL,SEX_LABEL,AGE_LABEL,URBANISATION_LABEL,UNIT_MEASURE_LABEL,COMP_BREAKDOWN_1_LABEL,COMP_BREAKDOWN_2_LABEL,COMP_BREAKDOWN_3_LABEL,AGG_METHOD_LABEL,UNIT_TYPE_LABEL,DECIMALS_LABEL,DATABASE_ID_LABEL,TIME_FORMAT_LABEL,UNIT_MULT_LABEL,OBS_CONF_LABEL
datastructure,WB.DATA360:DS_DATA360(1.2),I,A3,JOR,NOID_S,_Z,Y_GE15,_Z,PT_RESP_SUB,WB_ID4D_ND,_Z,_Z,2024,W_AVG,NUMBER,0,WB_ID4D,602,0,PU,25.1352712768903,Triennial,Jordan,Population without an ID by reason,Not applicable,15 years old and over,Not applicable,Percentage of respondents in the same subgroup,Driver: Do not need an ID,Not Applicable,Not Applicable,Weighted Average,Number (real number),Zero,Identification for Development (ID4D) Global Dataset,CCYY,Units,Public
datastructure,WB.DATA360:DS_DATA360(1.2),I,A3,JOR,NOID_S,_Z,Y_GE15,_Z,PT_RESP_SUB,WB_ID4D_OTH,_Z,_Z,2024,W_AVG,NUMBER,0,WB_ID4D,602,0,PU,68.5361602750524,Triennial,Jordan,Population without an ID by reason,Not applicable,15 years old and over,Not applicable,Percentage of respondents in the same subgroup,Driver: Have another ID,Not Applicable,Not Applicable,Weighted Average,Number (real number),Zero,Identification for Development (ID4D) Global Dataset,CCYY,Units,Public
datastructure,WB.DATA360:DS_DATA360(1.2),I,A3,JOR,NOID_S,_Z,Y_GE15,_Z,PT_RESP_SUB,WB_ID4D_DOCS,_Z,_Z,2024,W_AVG,NUMBER,0,WB_ID4D,602,0,PU,45.4553160582956,Triennial,Jordan,Population without an ID by reason,Not applicable,15 years old and over,Not applicable,Percentage of respondents in the same subgroup,Driver: No documents,Not Applicable,Not Applicable,Weighted Average,Number (real number),Zero,Identification for Development (ID4D) Global Dataset,CCYY,Units,Public
datastructure,WB.DATA360:DS_DATA360(1.2),I,A3,JOR,NOID_S,_Z,Y_GE15,_Z,PT_RESP_SUB,WB_ID4D_EXP,_Z,_Z,2024,W_AVG,NUMBER,0,WB_ID4D,602,0,PU,24.6443639381494,Triennial,Jordan,Population without an ID by reason,Not applicable,15 years old and over,Not applicable,Percentage of respondents in the same subgroup,Driver: Too expensive,Not Applicable,Not Applicable,Weighted Average,Number (real number),Zero,Identification for Development (ID4D) Global Dataset,CCYY,Units,Public
datastructure,WB.DATA360:DS_DATA360(1.2),I,A3,JOR,NOID_S,_Z,Y_GE15,_Z,PT_RESP_SUB,WB_ID4D_FAR,_Z,_Z,2024,W_AVG,NUMBER,0,WB_ID4D,602,0,PU,20.5456615250813,Triennial,Jordan,Population without an ID by reason,Not applicable,15 years old and over,Not applicable,Percentage of respondents in the same subgroup,Driver: Travel too far,Not Applicable,Not Applicable,Weighted Average,Number (real number),Zero,Identification for Development (ID4D) Global Dataset,CCYY,Units,Public
datastructure,WB.DATA360:DS_DATA360(1.2),I,A3,JOR,NOID_S,_Z,Y_GE15,_Z,PT_RESP_SUB,WB_ID4D_UN,_Z,_Z,2024,W_AVG,NUMBER,0,WB_ID4D,602,0,PU,23.7516185574482,Triennial,Jordan,Population without an ID by reason,Not applicable,15 years old and over,Not applicable,Percentage of respondents in the same subgroup,Driver: Uncomfortable sharing info,Not Applicable,Not Applicable,Weighted Average,Number (real number),Zero,Identification for Development (ID4D) Global Dataset,CCYY,Units,Public
datastructure,WB.DATA360:DS_DATA360(1.2),I,A3,LAO,NOID_S,_Z,Y_GE15,_Z,PT_RESP_SUB,WB_ID4D_ND,_Z,_Z,2024,W_AVG,NUMBER,0,WB_ID4D,602,0,PU,44.6538048544289,Triennial,Lao PDR,Population without an ID by reason,Not applicable,15 years old and over,Not applicable,Percentage of respondents in the same subgroup,Driver: Do not need an ID,Not Applicable,Not Applicable,Weighted Average,Number (real number),Zero,Identification for Development (ID4D) Global Dataset,CCYY,Units,Public
datastructure,WB.DATA360:DS_DATA360(1.2),I,A3,LAO,NOID_S,_Z,Y_GE15,_Z,PT_RESP_SUB,WB_ID4D_OTH,_Z,_Z,2024,W_AVG,NUMBER,0,WB_ID4D,602,0,PU,2.39049164340367,Triennial,Lao PDR,Population without an ID by reason,Not applicable,15 years old and over,Not applicable,Percentage of respondents in the same subgroup,Driver: Have another ID,Not Applicable,Not Applicable,Weighted Average,Number (real number),Zero,Identification for Development (ID4D) Global Dataset,CCYY,Units,Public
datastructure,WB.DATA360:DS_DATA360(1.2),I,A3,LAO,NOID_S,_Z,Y_GE15,_Z,PT_RESP_SUB,WB_ID4D_DOCS,_Z,_Z,2024,W_AVG,NUMBER,0,WB_ID4D,602,0,PU,47.4399283631089,Triennial,Lao PDR,Population without an ID by reason,Not applicable,15 years old and over,Not applicable,Percentage of respondents in the same subgroup,Driver: No documents,Not Applicable,Not Applicable,Weighted Average,Number (real number),Zero,Identification for Development (ID4D) Global Dataset,CCYY,Units,Public
datastructure,WB.DATA360:DS_DATA360(1.2),I,A3,LAO,NOID_S,_Z,Y_GE15,_Z,PT_RESP_SUB,WB_ID4D_EXP,_Z,_Z,2024,W_AVG,NUMBER,0,WB_ID4D,602,0,PU,43.4460361262904,Triennial,Lao PDR,Population without an ID by reason,Not applicable,15 years old and over,Not applicable,Percentage of respondents in the same subgroup,Driver: Too expensive,Not Applicable,Not Applicable,Weighted Average,Number (real number),Zero,Identification for Development (ID4D) Global Dataset,CCYY,Units,Public
datastructure,WB.DATA360:DS_DATA360(1.2),I,A3,LAO,NOID_S,_Z,Y_GE15,_Z,PT_RESP_SUB,WB_ID4D_FAR,_Z,_Z,2024,W_AVG,NUMBER,0,WB_ID4D,602,0,PU,51.5997221288771,Triennial,Lao PDR,Population without an ID by reason,Not applicable,15 years old and over,Not applicable,Percentage of respondents in the same subgroup,Driver: Travel too far,Not Applicable,Not Applicable,Weighted Average,Number (real number),Zero,Identification for Development (ID4D) Global Dataset,CCYY,Units,Public
datastructure,WB.DATA360:DS_DATA360(1.2),I,A3,LAO,NOID_S,_Z,Y_GE15,_Z,PT_RESP_SUB,WB_ID4D_UN,_Z,_Z,2024,W_AVG,NUMBER,0,WB_ID4D,602,0,PU,33.2639082182452,Triennial,Lao PDR,Population without an ID by reason,Not applicable,15 years old and over,Not applicable,Percentage of respondents in the same subgroup,Driver: Uncomfortable sharing info,Not Applicable,Not Applicable,Weighted Average,Number (real number),Zero,Identification for Development (ID4D) Global Dataset,CCYY,Units,Public
datastructure,WB.DATA360:DS_DATA360(1.2),I,A3,LSO,NOID_S,_Z,Y_GE15,_Z,PT_RESP_SUB,WB_ID4D_ND,_Z,_Z,2024,W_AVG,NUMBER,0,WB_ID4D,602,0,PU,28.3850013314452,Triennial,Lesotho,Population without an ID by reason,Not applicable,15 years old and over,Not applicable,Percentage of respondents in the same subgroup,Driver: Do not need an ID,Not Applicable,Not Applicable,Weighted Average,Number (real number),Zero,Identification for Development (ID4D) Global Dataset,CCYY,Units,Public
datastructure,WB.DATA360:DS_DATA360(1.2),I,A3,LSO,NOID_S,_Z,Y_GE15,_Z,PT_RESP_SUB,WB_ID4D_OTH,_Z,_Z,2024,W_AVG,NUMBER,0,WB_ID4D,602,0,PU,38.3522364941373,Triennial,Lesotho,Population without an ID by reason,Not applicable,15 years old and over,Not applicable,Percentage of respondents in the same subgroup,Driver: Have another ID,Not Applicable,Not Applicable,Weighted Average,Number (real number),Zero,Identification for Development (ID4D) Global Dataset,CCYY,Units,Public
datastructure,WB.DATA360:DS_DATA360(1.2),I,A3,LSO,NOID_S,_Z,Y_GE15,_Z,PT_RESP_SUB,WB_ID4D_DOCS,_Z,_Z,2024,W_AVG,NUMBER,0,WB_ID4D,602,0,PU,22.56008636547,Triennial,Lesotho,Population without an ID by reason,Not applicable,15 years old and over,Not applicable,Percentage of respondents in the same subgroup,Driver: No documents,Not Applicable,Not Applicable,Weighted Average,Number (real number),Zero,Identification for Development (ID4D) Global Dataset,CCYY,Units,Public
datastructure,WB.DATA360:DS_DATA360(1.2),I,A3,LSO,NOID_S,_Z,Y_GE15,_Z,PT_RESP_SUB,WB_ID4D_EXP,_Z,_Z,2024,W_AVG,NUMBER,0,WB_ID4D,602,0,PU,15.9197735160488,Triennial,Lesotho,Population without an ID by reason,Not applicable,15 years old and over,Not applicable,Percentage of respondents in the same subgroup,Driver: Too expensive,Not Applicable,Not Applicable,Weighted Average,Number (real number),Zero,Identification for Development (ID4D) Global Dataset,CCYY,Units,Public
datastructure,WB.DATA360:DS_DATA360(1.2),I,A3,LSO,NOID_S,_Z,Y_GE15,_Z,PT_RESP_SUB,WB_ID4D_FAR,_Z,_Z,2024,W_AVG,NUMBER,0,WB_ID4D,602,0,PU,33.4560814060309,Triennial,Lesotho,Population without an ID by reason,Not applicable,15 years old and over,Not applicable,Percentage of respondents in the same subgroup,Driver: Travel too far,Not Applicable,Not Applicable,Weighted Average,Number (real number),Zero,Identification for Development (ID4D) Global Dataset,CCYY,Units,Public
datastructure,WB.DATA360:DS_DATA360(1.2),I,A3,LSO,NOID_S,_Z,Y_GE15,_Z,PT_RESP_SUB,WB_ID4D_UN,_Z,_Z,2024,W_AVG,NUMBER,0,WB_ID4D,602,0,PU,10.9073642421875,Triennial,Lesotho,Population without an ID by reason,Not applicable,15 years old and over,Not applicable,Percentage of respondents in the same subgroup,Driver: Uncomfortable sharing info,Not Applicable,Not Applicable,Weighted Average,Number (real number),Zero,Identification for Development (ID4D) Global Dataset,CCYY,Units,Public
datastructure,WB.DATA360:DS_DATA360(1.2),I,A3,MWI,NOID_S,_Z,Y_GE15,_Z,PT_RESP_SUB,WB_ID4D_ND,_Z,_Z,2024,W_AVG,NUMBER,0,WB_ID4D,602,0,PU,15.2283465338412,Triennial,Malawi,Population without an ID by reason,Not applicable,15 years old and over,Not applicable,Percentage of respondents in the same subgroup,Driver: Do not need an ID,Not Applicable,Not Applicable,Weighted Average,Number (real number),Zero,Identification for Development (ID4D) Global Dataset,CCYY,Units,Public
datastructure,WB.DATA360:DS_DATA360(1.2),I,A3,MWI,NOID_S,_Z,Y_GE15,_Z,PT_RESP_SUB,WB_ID4D_OTH,_Z,_Z,2024,W_AVG,NUMBER,0,WB_ID4D,602,0,PU,25.4365827627783,Triennial,Malawi,Population without an ID by reason,Not applicable,15 years old and over,Not applicable,Percentage of respondents in the same subgroup,Driver: Have another ID,Not Applicable,Not Applicable,Weighted Average,Number (real number),Zero,Identification for Development (ID4D) Global Dataset,CCYY,Units,Public
datastructure,WB.DATA360:DS_DATA360(1.2),I,A3,MWI,NOID_S,_Z,Y_GE15,_Z,PT_RESP_SUB,WB_ID4D_DOCS,_Z,_Z,2024,W_AVG,NUMBER,0,WB_ID4D,602,0,PU,35.1341800630677,Triennial,Malawi,Population without an ID by reason,Not applicable,15 years old and over,Not applicable,Percentage of respondents in the same subgroup,Driver: No documents,Not Applicable,Not Applicable,Weighted Average,Number (real number),Zero,Identification for Development (ID4D) Global Dataset,CCYY,Units,Public
datastructure,WB.DATA360:DS_DATA360(1.2),I,A3,MWI,NOID_S,_Z,Y_GE15,_Z,PT_RESP_SUB,WB_ID4D_EXP,_Z,_Z,2024,W_AVG,NUMBER,0,WB_ID4D,602,0,PU,15.6192017618127,Triennial,Malawi,Population without an ID by reason,Not applicable,15 years old and over,Not applicable,Percentage of respondents in the same subgroup,Driver: Too expensive,Not Applicable,Not Applicable,Weighted Average,Number (real number),Zero,Identification for Development (ID4D) Global Dataset,CCYY,Units,Public
datastructure,WB.DATA360:DS_DATA360(1.2),I,A3,MWI,NOID_S,_Z,Y_GE15,_Z,PT_RESP_SUB,WB_ID4D_FAR,_Z,_Z,2024,W_AVG,NUMBER,0,WB_ID4D,602,0,PU,29.7913073995935,Triennial,Malawi,Population without an ID by reason,Not applicable,15 years old and over,Not applicable,Percentage of respondents in the same subgroup,Driver: Travel too far,Not Applicable,Not Applicable,Weighted Average,Number (real number),Zero,Identification for Development (ID4D) Global Dataset,CCYY,Units,Public
datastructure,WB.DATA360:DS_DATA360(1.2),I,A3,MWI,NOID_S,_Z,Y_GE15,_Z,PT_RESP_SUB,WB_ID4D_UN,_Z,_Z,2024,W_AVG,NUMBER,0,WB_ID4D,602,0,PU,13.7794278792097,Triennial,Malawi,Population without an ID by reason,Not applicable,15 years old and over,Not applicable,Percentage of respondents in the same subgroup,Driver: Uncomfortable sharing info,Not Applicable,Not Applicable,Weighted Average,Number (real number),Zero,Identification for Development (ID4D) Global Dataset,CCYY,Units,Public
datastructure,WB.DATA360:DS_DATA360(1.2),I,A3,MLI,NOID_S,_Z,Y_GE15,_Z,PT_RESP_SUB,WB_ID4D_ND,_Z,_Z,2024,W_AVG,NUMBER,0,WB_ID4D,602,0,PU,37.9204748121938,Triennial,Mali,Population without an ID by reason,Not applicable,15 years old and over,Not applicable,Percentage of respondents in the same subgroup,Driver: Do not need an ID,Not Applicable,Not Applicable,Weighted Average,Number (real number),Zero,Identification for Development (ID4D) Global Dataset,CCYY,Units,Public
datastructure,WB.DATA360:DS_DATA360(1.2),I,A3,MLI,NOID_S,_Z,Y_GE15,_Z,PT_RESP_SUB,WB_ID4D_OTH,_Z,_Z,2024,W_AVG,NUMBER,0,WB_ID4D,602,0,PU,23.3859989954422,Triennial,Mali,Population without an ID by reason,Not applicable,15 years old and over,Not applicable,Percentage of respondents in the same subgroup,Driver: Have another ID,Not Applicable,Not Applicable,Weighted Average,Number (real number),Zero,Identification for Development (ID4D) Global Dataset,CCYY,Units,Public
datastructure,WB.DATA360:DS_DATA360(1.2),I,A3,MLI,NOID_S,_Z,Y_GE15,_Z,PT_RESP_SUB,WB_ID4D_DOCS,_Z,_Z,2024,W_AVG,NUMBER,0,WB_ID4D,602,0,PU,32.2552393693087,Triennial,Mali,Population without an ID by reason,Not applicable,15 years old and over,Not applicable,Percentage of respondents in the same subgroup,Driver: No documents,Not Applicable,Not Applicable,Weighted Average,Number (real number),Zero,Identification for Development (ID4D) Global Dataset,CCYY,Units,Public
datastructure,WB.DATA360:DS_DATA360(1.2),I,A3,MLI,NOID_S,_Z,Y_GE15,_Z,PT_RESP_SUB,WB_ID4D_EXP,_Z,_Z,2024,W_AVG,NUMBER,0,WB_ID4D,602,0,PU,24.277719609555,Triennial,Mali,Population without an ID by reason,Not applicable,15 years old and over,Not applicable,Percentage of respondents in the same subgroup,Driver: Too expensive,Not Applicable,Not Applicable,Weighted Average,Number (real number),Zero,Identification for Development (ID4D) Global Dataset,CCYY,Units,Public
datastructure,WB.DATA360:DS_DATA360(1.2),I,A3,MLI,NOID_S,_Z,Y_GE15,_Z,PT_RESP_SUB,WB_ID4D_FAR,_Z,_Z,2024,W_AVG,NUMBER,0,WB_ID4D,602,0,PU,40.7723588478792,Triennial,Mali,Population without an ID by reason,Not applicable,15 years old and over,Not applicable,Percentage of respondents in the same subgroup,Driver: Travel too far,Not Applicable,Not Applicable,Weighted Average,Number (real number),Zero,Identification for Development (ID4D) Global Dataset,CCYY,Units,Public
datastructure,WB.DATA360:DS_DATA360(1.2),I,A3,MLI,NOID_S,_Z,Y_GE15,_Z,PT_RESP_SUB,WB_ID4D_UN,_Z,_Z,2024,W_AVG,NUMBER,0,WB_ID4D,602,0,PU,31.937781672079,Triennial,Mali,Population without an ID by reason,Not applicable,15 years old and over,Not applicable,Percentage of respondents in the same subgroup,Driver: Uncomfortable sharing info,Not Applicable,Not Applicable,Weighted Average,Number (real number),Zero,Identification for Development (ID4D) Global Dataset,CCYY,Units,Public
datastructure,WB.DATA360:DS_DATA360(1.2),I,A3,MOZ,NOID_S,_Z,Y_GE15,_Z,PT_RESP_SUB,WB_ID4D_ND,_Z,_Z,2024,W_AVG,NUMBER,0,WB_ID4D,602,0,PU,36.4033203871527,Triennial,Mozambique,Population without an ID by reason,Not applicable,15 years old and over,Not applicable,Percentage of respondents in the same subgroup,Driver: Do not need an ID,Not Applicable,Not Applicable,Weighted Average,Number (real number),Zero,Identification for Development (ID4D) Global Dataset,CCYY,Units,Public
datastructure,WB.DATA360:DS_DATA360(1.2),I,A3,MOZ,NOID_S,_Z,Y_GE15,_Z,PT_RESP_SUB,WB_ID4D_OTH,_Z,_Z,2024,W_AVG,NUMBER,0,WB_ID4D,602,0,PU,53.621140775443,Triennial,Mozambique,Population without an ID by reason,Not applicable,15 years old and over,Not applicable,Percentage of respondents in the same subgroup,Driver: Have another ID,Not Applicable,Not Applicable,Weighted Average,Number (real number),Zero,Identification for Development (ID4D) Global Dataset,CCYY,Units,Public
datastructure,WB.DATA360:DS_DATA360(1.2),I,A3,MOZ,NOID_S,_Z,Y_GE15,_Z,PT_RESP_SUB,WB_ID4D_DOCS,_Z,_Z,2024,W_AVG,NUMBER,0,WB_ID4D,602,0,PU,53.6648043039294,Triennial,Mozambique,Population without an ID by reason,Not applicable,15 years old and over,Not applicable,Percentage of respondents in the same subgroup,Driver: No documents,Not Applicable,Not Applicable,Weighted Average,Number (real number),Zero,Identification for Development (ID4D) Global Dataset,CCYY,Units,Public
datastructure,WB.DATA360:DS_DATA360(1.2),I,A3,MOZ,NOID_S,_Z,Y_GE15,_Z,PT_RESP_SUB,WB_ID4D_EXP,_Z,_Z,2024,W_AVG,NUMBER,0,WB_ID4D,602,0,PU,54.1458618096827,Triennial,Mozambique,Population without an ID by reason,Not applicable,15 years old and over,Not applicable,Percentage of respondents in the same subgroup,Driver: Too expensive,Not Applicable,Not Applicable,Weighted Average,Number (real number),Zero,Identification for Development (ID4D) Global Dataset,CCYY,Units,Public
datastructure,WB.DATA360:DS_DATA360(1.2),I,A3,MOZ,NOID_S,_Z,Y_GE15,_Z,PT_RESP_SUB,WB_ID4D_FAR,_Z,_Z,2024,W_AVG,NUMBER,0,WB_ID4D,602,0,PU,58.4738643895659,Triennial,Mozambique,Population without an ID by reason,Not applicable,15 years old and over,Not applicable,Percentage of respondents in the same subgroup,Driver: Travel too far,Not Applicable,Not Applicable,Weighted Average,Number (real number),Zero,Identification for Development (ID4D) Global Dataset,CCYY,Units,Public
datastructure,WB.DATA360:DS_DATA360(1.2),I,A3,MOZ,NOID_S,_Z,Y_GE15,_Z,PT_RESP_SUB,WB_ID4D_UN,_Z,_Z,2024,W_AVG,NUMBER,0,WB_ID4D,602,0,PU,28.4618596472621,Triennial,Mozambique,Population without an ID by reason,Not applicable,15 years old and over,Not applicable,Percentage of respondents in the same subgroup,Driver: Uncomfortable sharing info,Not Applicable,Not Applicable,Weighted Average,Number (real number),Zero,Identification for Development (ID4D) Global Dataset,CCYY,Units,Public
datastructure,WB.DATA360:DS_DATA360(1.2),I,A3,NPL,NOID_S,_Z,Y_GE15,_Z,PT_RESP_SUB,WB_ID4D_ND,_Z,_Z,2024,W_AVG,NUMBER,0,WB_ID4D,602,0,PU,27.9015319374562,Triennial,Nepal,Population without an ID by reason,Not applicable,15 years old and over,Not applicable,Percentage of respondents in the same subgroup,Driver: Do not need an ID,Not Applicable,Not Applicable,Weighted Average,Number (real number),Zero,Identification for Development (ID4D) Global Dataset,CCYY,Units,Public
datastructure,WB.DATA360:DS_DATA360(1.2),I,A3,NPL,NOID_S,_Z,Y_GE15,_Z,PT_RESP_SUB,WB_ID4D_OTH,_Z,_Z,2024,W_AVG,NUMBER,0,WB_ID4D,602,0,PU,32.665802938895,Triennial,Nepal,Population without an ID by reason,Not applicable,15 years old and over,Not applicable,Percentage of respondents in the same subgroup,Driver: Have another ID,Not Applicable,Not Applicable,Weighted Average,Number (real number),Zero,Identification for Development (ID4D) Global Dataset,CCYY,Units,Public
datastructure,WB.DATA360:DS_DATA360(1.2),I,A3,NPL,NOID_S,_Z,Y_GE15,_Z,PT_RESP_SUB,WB_ID4D_DOCS,_Z,_Z,2024,W_AVG,NUMBER,0,WB_ID4D,602,0,PU,36.9155593704534,Triennial,Nepal,Population without an ID by reason,Not applicable,15 years old and over,Not applicable,Percentage of respondents in the same subgroup,Driver: No documents,Not Applicable,Not Applicable,Weighted Average,Number (real number),Zero,Identification for Development (ID4D) Global Dataset,CCYY,Units,Public
datastructure,WB.DATA360:DS_DATA360(1.2),I,A3,NPL,NOID_S,_Z,Y_GE15,_Z,PT_RESP_SUB,WB_ID4D_EXP,_Z,_Z,2024,W_AVG,NUMBER,0,WB_ID4D,602,0,PU,5.69760948065204,Triennial,Nepal,Population without an ID by reason,Not applicable,15 years old and over,Not applicable,Percentage of respondents in the same subgroup,Driver: Too expensive,Not Applicable,Not Applicable,Weighted Average,Number (real number),Zero,Identification for Development (ID4D) Global Dataset,CCYY,Units,Public
datastructure,WB.DATA360:DS_DATA360(1.2),I,A3,NPL,NOID_S,_Z,Y_GE15,_Z,PT_RESP_SUB,WB_ID4D_FAR,_Z,_Z,2024,W_AVG,NUMBER,0,WB_ID4D,602,0,PU,13.2092908599501,Triennial,Nepal,Population without an ID by reason,Not applicable,15 years old and over,Not applicable,Percentage of respondents in the same subgroup,Driver: Travel too far,Not Applicable,Not Applicable,Weighted Average,Number (real number),Zero,Identification for Development (ID4D) Global Dataset,CCYY,Units,Public
datastructure,WB.DATA360:DS_DATA360(1.2),I,A3,NPL,NOID_S,_Z,Y_GE15,_Z,PT_RESP_SUB,WB_ID4D_UN,_Z,_Z,2024,W_AVG,NUMBER,0,WB_ID4D,602,0,PU,6.81532887867754,Triennial,Nepal,Population without an ID by reason,Not applicable,15 years old and over,Not applicable,Percentage of respondents in the same subgroup,Driver: Uncomfortable sharing info,Not Applicable,Not Applicable,Weighted Average,Number (real number),Zero,Identification for Development (ID4D) Global Dataset,CCYY,Units,Public
datastructure,WB.DATA360:DS_DATA360(1.2),I,A3,NER,NOID_S,_Z,Y_GE15,_Z,PT_RESP_SUB,WB_ID4D_ND,_Z,_Z,2024,W_AVG,NUMBER,0,WB_ID4D,602,0,PU,23.2543912331975,Triennial,Niger,Population without an ID by reason,Not applicable,15 years old and over,Not applicable,Percentage of respondents in the same subgroup,Driver: Do not need an ID,Not Applicable,Not Applicable,Weighted Average,Number (real number),Zero,Identification for Development (ID4D) Global Dataset,CCYY,Units,Public
datastructure,WB.DATA360:DS_DATA360(1.2),I,A3,NER,NOID_S,_Z,Y_GE15,_Z,PT_RESP_SUB,WB_ID4D_OTH,_Z,_Z,2024,W_AVG,NUMBER,0,WB_ID4D,602,0,PU,29.1923145468142,Triennial,Niger,Population without an ID by reason,Not applicable,15 years old and over,Not applicable,Percentage of respondents in the same subgroup,Driver: Have another ID,Not Applicable,Not Applicable,Weighted Average,Number (real number),Zero,Identification for Development (ID4D) Global Dataset,CCYY,Units,Public
datastructure,WB.DATA360:DS_DATA360(1.2),I,A3,NER,NOID_S,_Z,Y_GE15,_Z,PT_RESP_SUB,WB_ID4D_DOCS,_Z,_Z,2024,W_AVG,NUMBER,0,WB_ID4D,602,0,PU,48.4074917280213,Triennial,Niger,Population without an ID by reason,Not applicable,15 years old and over,Not applicable,Percentage of respondents in the same subgroup,Driver: No documents,Not Applicable,Not Applicable,Weighted Average,Number (real number),Zero,Identification for Development (ID4D) Global Dataset,CCYY,Units,Public
datastructure,WB.DATA360:DS_DATA360(1.2),I,A3,NER,NOID_S,_Z,Y_GE15,_Z,PT_RESP_SUB,WB_ID4D_EXP,_Z,_Z,2024,W_AVG,NUMBER,0,WB_ID4D,602,0,PU,47.2914611225828,Triennial,Niger,Population without an ID by reason,Not applicable,15 years old and over,Not applicable,Percentage of respondents in the same subgroup,Driver: Too expensive,Not Applicable,Not Applicable,Weighted Average,Number (real number),Zero,Identification for Development (ID4D) Global Dataset,CCYY,Units,Public
datastructure,WB.DATA360:DS_DATA360(1.2),I,A3,NER,NOID_S,_Z,Y_GE15,_Z,PT_RESP_SUB,WB_ID4D_FAR,_Z,_Z,2024,W_AVG,NUMBER,0,WB_ID4D,602,0,PU,49.8907979577691,Triennial,Niger,Population without an ID by reason,Not applicable,15 years old and over,Not applicable,Percentage of respondents in the same subgroup,Driver: Travel too far,Not Applicable,Not Applicable,Weighted Average,Number (real number),Zero,Identification for Development (ID4D) Global Dataset,CCYY,Units,Public
datastructure,WB.DATA360:DS_DATA360(1.2),I,A3,NER,NOID_S,_Z,Y_GE15,_Z,PT_RESP_SUB,WB_ID4D_UN,_Z,_Z,2024,W_AVG,NUMBER,0,WB_ID4D,602,0,PU,19.6670832718155,Triennial,Niger,Population without an ID by reason,Not applicable,15 years old and over,Not applicable,Percentage of respondents in the same subgroup,Driver: Uncomfortable sharing info,Not Applicable,Not Applicable,Weighted Average,Number (real number),Zero,Identification for Development (ID4D) Global Dataset,CCYY,Units,Public
datastructure,WB.DATA360:DS_DATA360(1.2),I,A3,NGA,NOID_S,_Z,Y_GE15,_Z,PT_RESP_SUB,WB_ID4D_ND,_Z,_Z,2024,W_AVG,NUMBER,0,WB_ID4D,602,0,PU,15.4028428700789,Triennial,Nigeria,Population without an ID by reason,Not applicable,15 years old and over,Not applicable,Percentage of respondents in the same subgroup,Driver: Do not need an ID,Not Applicable,Not Applicable,Weighted Average,Number (real number),Zero,Identification for Development (ID4D) Global Dataset,CCYY,Units,Public
datastructure,WB.DATA360:DS_DATA360(1.2),I,A3,NGA,NOID_S,_Z,Y_GE15,_Z,PT_RESP_SUB,WB_ID4D_OTH,_Z,_Z,2024,W_AVG,NUMBER,0,WB_ID4D,602,0,PU,22.2909541403298,Triennial,Nigeria,Population without an ID by reason,Not applicable,15 years old and over,Not applicable,Percentage of respondents in the same subgroup,Driver: Have another ID,Not Applicable,Not Applicable,Weighted Average,Number (real number),Zero,Identification for Development (ID4D) Global Dataset,CCYY,Units,Public
datastructure,WB.DATA360:DS_DATA360(1.2),I,A3,NGA,NOID_S,_Z,Y_GE15,_Z,PT_RESP_SUB,WB_ID4D_DOCS,_Z,_Z,2024,W_AVG,NUMBER,0,WB_ID4D,602,0,PU,34.9841633996021,Triennial,Nigeria,Population without an ID by reason,Not applicable,15 years old and over,Not applicable,Percentage of respondents in the same subgroup,Driver: No documents,Not Applicable,Not Applicable,Weighted Average,Number (real number),Zero,Identification for Development (ID4D) Global Dataset,CCYY,Units,Public
datastructure,WB.DATA360:DS_DATA360(1.2),I,A3,NGA,NOID_S,_Z,Y_GE15,_Z,PT_RESP_SUB,WB_ID4D_EXP,_Z,_Z,2024,W_AVG,NUMBER,0,WB_ID4D,602,0,PU,18.5835306192814,Triennial,Nigeria,Population without an ID by reason,Not applicable,15 years old and over,Not applicable,Percentage of respondents in the same subgroup,Driver: Too expensive,Not Applicable,Not Applicable,Weighted Average,Number (real number),Zero,Identification for Development (ID4D) Global Dataset,CCYY,Units,Public
datastructure,WB.DATA360:DS_DATA360(1.2),I,A3,NGA,NOID_S,_Z,Y_GE15,_Z,PT_RESP_SUB,WB_ID4D_FAR,_Z,_Z,2024,W_AVG,NUMBER,0,WB_ID4D,602,0,PU,46.5389519323866,Triennial,Nigeria,Population without an ID by reason,Not applicable,15 years old and over,Not applicable,Percentage of respondents in the same subgroup,Driver: Travel too far,Not Applicable,Not Applicable,Weighted Average,Number (real number),Zero,Identification for Development (ID4D) Global Dataset,CCYY,Units,Public
datastructure,WB.DATA360:DS_DATA360(1.2),I,A3,NGA,NOID_S,_Z,Y_GE15,_Z,PT_RESP_SUB,WB_ID4D_UN,_Z,_Z,2024,W_AVG,NUMBER,0,WB_ID4D,602,0,PU,23.0752810937735,Triennial,Nigeria,Population without an ID by reason,Not applicable,15 years old and over,Not applicable,Percentage of respondents in the same subgroup,Driver: Uncomfortable sharing info,Not Applicable,Not Applicable,Weighted Average,Number (real number),Zero,Identification for Development (ID4D) Global Dataset,CCYY,Units,Public
datastructure,WB.DATA360:DS_DATA360(1.2),I,A3,PHL,NOID_S,_Z,Y_GE15,_Z,PT_RESP_SUB,WB_ID4D_ND,_Z,_Z,2024,W_AVG,NUMBER,0,WB_ID4D,602,0,PU,24.2869512388563,Triennial,Philippines,Population without an ID by reason,Not applicable,15 years old and over,Not applicable,Percentage of respondents in the same subgroup,Driver: Do not need an ID,Not Applicable,Not Applicable,Weighted Average,Number (real number),Zero,Identification for Development (ID4D) Global Dataset,CCYY,Units,Public
datastructure,WB.DATA360:DS_DATA360(1.2),I,A3,PHL,NOID_S,_Z,Y_GE15,_Z,PT_RESP_SUB,WB_ID4D_OTH,_Z,_Z,2024,W_AVG,NUMBER,0,WB_ID4D,602,0,PU,33.5292073241969,Triennial,Philippines,Population without an ID by reason,Not applicable,15 years old and over,Not applicable,Percentage of respondents in the same subgroup,Driver: Have another ID,Not Applicable,Not Applicable,Weighted Average,Number (real number),Zero,Identification for Development (ID4D) Global Dataset,CCYY,Units,Public
datastructure,WB.DATA360:DS_DATA360(1.2),I,A3,PHL,NOID_S,_Z,Y_GE15,_Z,PT_RESP_SUB,WB_ID4D_DOCS,_Z,_Z,2024,W_AVG,NUMBER,0,WB_ID4D,602,0,PU,27.1120523212787,Triennial,Philippines,Population without an ID by reason,Not applicable,15 years old and over,Not applicable,Percentage of respondents in the same subgroup,Driver: No documents,Not Applicable,Not Applicable,Weighted Average,Number (real number),Zero,Identification for Development (ID4D) Global Dataset,CCYY,Units,Public
datastructure,WB.DATA360:DS_DATA360(1.2),I,A3,PHL,NOID_S,_Z,Y_GE15,_Z,PT_RESP_SUB,WB_ID4D_EXP,_Z,_Z,2024,W_AVG,NUMBER,0,WB_ID4D,602,0,PU,21.050609538013,Triennial,Philippines,Population without an ID by reason,Not applicable,15 years old and over,Not applicable,Percentage of respondents in the same subgroup,Driver: Too expensive,Not Applicable,Not Applicable,Weighted Average,Number (real number),Zero,Identification for Development (ID4D) Global Dataset,CCYY,Units,Public
datastructure,WB.DATA360:DS_DATA360(1.2),I,A3,PHL,NOID_S,_Z,Y_GE15,_Z,PT_RESP_SUB,WB_ID4D_FAR,_Z,_Z,2024,W_AVG,NUMBER,0,WB_ID4D,602,0,PU,29.8984452455813,Triennial,Philippines,Population without an ID by reason,Not applicable,15 years old and over,Not applicable,Percentage of respondents in the same subgroup,Driver: Travel too far,Not Applicable,Not Applicable,Weighted Average,Number (real number),Zero,Identification for Development (ID4D) Global Dataset,CCYY,Units,Public
datastructure,WB.DATA360:DS_DATA360(1.2),I,A3,PHL,NOID_S,_Z,Y_GE15,_Z,PT_RESP_SUB,WB_ID4D_UN,_Z,_Z,2024,W_AVG,NUMBER,0,WB_ID4D,602,0,PU,20.4564348663238,Triennial,Philippines,Population without an ID by reason,Not applicable,15 years old and over,Not applicable,Percentage of respondents in the same subgroup,Driver: Uncomfortable sharing info,Not Applicable,Not Applicable,Weighted Average,Number (real number),Zero,Identification for Development (ID4D) Global Dataset,CCYY,Units,Public
datastructure,WB.DATA360:DS_DATA360(1.2),I,A3,SEN,NOID_S,_Z,Y_GE15,_Z,PT_RESP_SUB,WB_ID4D_ND,_Z,_Z,2024,W_AVG,NUMBER,0,WB_ID4D,602,0,PU,33.8626677789666,Triennial,Senegal,Population without an ID by reason,Not applicable,15 years old and over,Not applicable,Percentage of respondents in the same subgroup,Driver: Do not need an ID,Not Applicable,Not Applicable,Weighted Average,Number (real number),Zero,Identification for Development (ID4D) Global Dataset,CCYY,Units,Public
datastructure,WB.DATA360:DS_DATA360(1.2),I,A3,SEN,NOID_S,_Z,Y_GE15,_Z,PT_RESP_SUB,WB_ID4D_OTH,_Z,_Z,2024,W_AVG,NUMBER,0,WB_ID4D,602,0,PU,38.6647369356153,Triennial,Senegal,Population without an ID by reason,Not applicable,15 years old and over,Not applicable,Percentage of respondents in the same subgroup,Driver: Have another ID,Not Applicable,Not Applicable,Weighted Average,Number (real number),Zero,Identification for Development (ID4D) Global Dataset,CCYY,Units,Public
datastructure,WB.DATA360:DS_DATA360(1.2),I,A3,SEN,NOID_S,_Z,Y_GE15,_Z,PT_RESP_SUB,WB_ID4D_DOCS,_Z,_Z,2024,W_AVG,NUMBER,0,WB_ID4D,602,0,PU,32.72609774885,Triennial,Senegal,Population without an ID by reason,Not applicable,15 years old and over,Not applicable,Percentage of respondents in the same subgroup,Driver: No documents,Not Applicable,Not Applicable,Weighted Average,Number (real number),Zero,Identification for Development (ID4D) Global Dataset,CCYY,Units,Public
datastructure,WB.DATA360:DS_DATA360(1.2),I,A3,SEN,NOID_S,_Z,Y_GE15,_Z,PT_RESP_SUB,WB_ID4D_EXP,_Z,_Z,2024,W_AVG,NUMBER,0,WB_ID4D,602,0,PU,23.9899423271929,Triennial,Senegal,Population without an ID by reason,Not applicable,15 years old and over,Not applicable,Percentage of respondents in the same subgroup,Driver: Too expensive,Not Applicable,Not Applicable,Weighted Average,Number (real number),Zero,Identification for Development (ID4D) Global Dataset,CCYY,Units,Public
datastructure,WB.DATA360:DS_DATA360(1.2),I,A3,SEN,NOID_S,_Z,Y_GE15,_Z,PT_RESP_SUB,WB_ID4D_FAR,_Z,_Z,2024,W_AVG,NUMBER,0,WB_ID4D,602,0,PU,13.5434678903931,Triennial,Senegal,Population without an ID by reason,Not applicable,15 years old and over,Not applicable,Percentage of respondents in the same subgroup,Driver: Travel too far,Not Applicable,Not Applicable,Weighted Average,Number (real number),Zero,Identification for Development (ID4D) Global Dataset,CCYY,Units,Public
datastructure,WB.DATA360:DS_DATA360(1.2),I,A3,SEN,NOID_S,_Z,Y_GE15,_Z,PT_RESP_SUB,WB_ID4D_UN,_Z,_Z,2024,W_AVG,NUMBER,0,WB_ID4D,602,0,PU,18.0511484482976,Triennial,Senegal,Population without an ID by reason,Not applicable,15 years old and over,Not applicable,Percentage of respondents in the same subgroup,Driver: Uncomfortable sharing info,Not Applicable,Not Applicable,Weighted Average,Number (real number),Zero,Identification for Development (ID4D) Global Dataset,CCYY,Units,Public
datastructure,WB.DATA360:DS_DATA360(1.2),I,A3,SLE,NOID_S,_Z,Y_GE15,_Z,PT_RESP_SUB,WB_ID4D_ND,_Z,_Z,2024,W_AVG,NUMBER,0,WB_ID4D,602,0,PU,9.67689683962722,Triennial,Sierra Leone,Population without an ID by reason,Not applicable,15 years old and over,Not applicable,Percentage of respondents in the same subgroup,Driver: Do not need an ID,Not Applicable,Not Applicable,Weighted Average,Number (real number),Zero,Identification for Development (ID4D) Global Dataset,CCYY,Units,Public
datastructure,WB.DATA360:DS_DATA360(1.2),I,A3,SLE,NOID_S,_Z,Y_GE15,_Z,PT_RESP_SUB,WB_ID4D_OTH,_Z,_Z,2024,W_AVG,NUMBER,0,WB_ID4D,602,0,PU,56.6693271316852,Triennial,Sierra Leone,Population without an ID by reason,Not applicable,15 years old and over,Not applicable,Percentage of respondents in the same subgroup,Driver: Have another ID,Not Applicable,Not Applicable,Weighted Average,Number (real number),Zero,Identification for Development (ID4D) Global Dataset,CCYY,Units,Public
datastructure,WB.DATA360:DS_DATA360(1.2),I,A3,SLE,NOID_S,_Z,Y_GE15,_Z,PT_RESP_SUB,WB_ID4D_DOCS,_Z,_Z,2024,W_AVG,NUMBER,0,WB_ID4D,602,0,PU,30.8913034901324,Triennial,Sierra Leone,Population without an ID by reason,Not applicable,15 years old and over,Not applicable,Percentage of respondents in the same subgroup,Driver: No documents,Not Applicable,Not Applicable,Weighted Average,Number (real number),Zero,Identification for Development (ID4D) Global Dataset,CCYY,Units,Public
datastructure,WB.DATA360:DS_DATA360(1.2),I,A3,SLE,NOID_S,_Z,Y_GE15,_Z,PT_RESP_SUB,WB_ID4D_EXP,_Z,_Z,2024,W_AVG,NUMBER,0,WB_ID4D,602,0,PU,65.1267994049361,Triennial,Sierra Leone,Population without an ID by reason,Not applicable,15 years old and over,Not applicable,Percentage of respondents in the same subgroup,Driver: Too expensive,Not Applicable,Not Applicable,Weighted Average,Number (real number),Zero,Identification for Development (ID4D) Global Dataset,CCYY,Units,Public
datastructure,WB.DATA360:DS_DATA360(1.2),I,A3,SLE,NOID_S,_Z,Y_GE15,_Z,PT_RESP_SUB,WB_ID4D_FAR,_Z,_Z,2024,W_AVG,NUMBER,0,WB_ID4D,602,0,PU,52.3084080626434,Triennial,Sierra Leone,Population without an ID by reason,Not applicable,15 years old and over,Not applicable,Percentage of respondents in the same subgroup,Driver: Travel too far,Not Applicable,Not Applicable,Weighted Average,Number (real number),Zero,Identification for Development (ID4D) Global Dataset,CCYY,Units,Public
datastructure,WB.DATA360:DS_DATA360(1.2),I,A3,SLE,NOID_S,_Z,Y_GE15,_Z,PT_RESP_SUB,WB_ID4D_UN,_Z,_Z,2024,W_AVG,NUMBER,0,WB_ID4D,602,0,PU,9.1936800548488,Triennial,Sierra Leone,Population without an ID by reason,Not applicable,15 years old and over,Not applicable,Percentage of respondents in the same subgroup,Driver: Uncomfortable sharing info,Not Applicable,Not Applicable,Weighted Average,Number (real number),Zero,Identification for Development (ID4D) Global Dataset,CCYY,Units,Public
datastructure,WB.DATA360:DS_DATA360(1.2),I,A3,ZAF,NOID_S,_Z,Y_GE15,_Z,PT_RESP_SUB,WB_ID4D_ND,_Z,_Z,2024,W_AVG,NUMBER,0,WB_ID4D,602,0,PU,13.4968647791336,Triennial,South Africa,Population without an ID by reason,Not applicable,15 years old and over,Not applicable,Percentage of respondents in the same subgroup,Driver: Do not need an ID,Not Applicable,Not Applicable,Weighted Average,Number (real number),Zero,Identification for Development (ID4D) Global Dataset,CCYY,Units,Public
datastructure,WB.DATA360:DS_DATA360(1.2),I,A3,ZAF,NOID_S,_Z,Y_GE15,_Z,PT_RESP_SUB,WB_ID4D_OTH,_Z,_Z,2024,W_AVG,NUMBER,0,WB_ID4D,602,0,PU,46.2201225015626,Triennial,South Africa,Population without an ID by reason,Not applicable,15 years old and over,Not applicable,Percentage of respondents in the same subgroup,Driver: Have another ID,Not Applicable,Not Applicable,Weighted Average,Number (real number),Zero,Identification for Development (ID4D) Global Dataset,CCYY,Units,Public
datastructure,WB.DATA360:DS_DATA360(1.2),I,A3,ZAF,NOID_S,_Z,Y_GE15,_Z,PT_RESP_SUB,WB_ID4D_DOCS,_Z,_Z,2024,W_AVG,NUMBER,0,WB_ID4D,602,0,PU,31.5934309068172,Triennial,South Africa,Population without an ID by reason,Not applicable,15 years old and over,Not applicable,Percentage of respondents in the same subgroup,Driver: No documents,Not Applicable,Not Applicable,Weighted Average,Number (real number),Zero,Identification for Development (ID4D) Global Dataset,CCYY,Units,Public
datastructure,WB.DATA360:DS_DATA360(1.2),I,A3,ZAF,NOID_S,_Z,Y_GE15,_Z,PT_RESP_SUB,WB_ID4D_EXP,_Z,_Z,2024,W_AVG,NUMBER,0,WB_ID4D,602,0,PU,21.4256633194083,Triennial,South Africa,Population without an ID by reason,Not applicable,15 years old and over,Not applicable,Percentage of respondents in the same subgroup,Driver: Too expensive,Not Applicable,Not Applicable,Weighted Average,Number (real number),Zero,Identification for Development (ID4D) Global Dataset,CCYY,Units,Public
datastructure,WB.DATA360:DS_DATA360(1.2),I,A3,ZAF,NOID_S,_Z,Y_GE15,_Z,PT_RESP_SUB,WB_ID4D_FAR,_Z,_Z,2024,W_AVG,NUMBER,0,WB_ID4D,602,0,PU,24.0679661886622,Triennial,South Africa,Population without an ID by reason,Not applicable,15 years old and over,Not applicable,Percentage of respondents in the same subgroup,Driver: Travel too far,Not Applicable,Not Applicable,Weighted Average,Number (real number),Zero,Identification for Development (ID4D) Global Dataset,CCYY,Units,Public
datastructure,WB.DATA360:DS_DATA360(1.2),I,A3,ZAF,NOID_S,_Z,Y_GE15,_Z,PT_RESP_SUB,WB_ID4D_UN,_Z,_Z,2024,W_AVG,NUMBER,0,WB_ID4D,602,0,PU,13.4348961272597,Triennial,South Africa,Population without an ID by reason,Not applicable,15 years old and over,Not applicable,Percentage of respondents in the same subgroup,Driver: Uncomfortable sharing info,Not Applicable,Not Applicable,Weighted Average,Number (real number),Zero,Identification for Development (ID4D) Global Dataset,CCYY,Units,Public
datastructure,WB.DATA360:DS_DATA360(1.2),I,A3,TJK,NOID_S,_Z,Y_GE15,_Z,PT_RESP_SUB,WB_ID4D_ND,_Z,_Z,2024,W_AVG,NUMBER,0,WB_ID4D,602,0,PU,43.9211895112112,Triennial,Tajikistan,Population without an ID by reason,Not applicable,15 years old and over,Not applicable,Percentage of respondents in the same subgroup,Driver: Do not need an ID,Not Applicable,Not Applicable,Weighted Average,Number (real number),Zero,Identification for Development (ID4D) Global Dataset,CCYY,Units,Public
datastructure,WB.DATA360:DS_DATA360(1.2),I,A3,TJK,NOID_S,_Z,Y_GE15,_Z,PT_RESP_SUB,WB_ID4D_OTH,_Z,_Z,2024,W_AVG,NUMBER,0,WB_ID4D,602,0,PU,81.199834914491,Triennial,Tajikistan,Population without an ID by reason,Not applicable,15 years old and over,Not applicable,Percentage of respondents in the same subgroup,Driver: Have another ID,Not Applicable,Not Applicable,Weighted Average,Number (real number),Zero,Identification for Development (ID4D) Global Dataset,CCYY,Units,Public
datastructure,WB.DATA360:DS_DATA360(1.2),I,A3,TJK,NOID_S,_Z,Y_GE15,_Z,PT_RESP_SUB,WB_ID4D_DOCS,_Z,_Z,2024,W_AVG,NUMBER,0,WB_ID4D,602,0,PU,18.1439920881003,Triennial,Tajikistan,Population without an ID by reason,Not applicable,15 years old and over,Not applicable,Percentage of respondents in the same subgroup,Driver: No documents,Not Applicable,Not Applicable,Weighted Average,Number (real number),Zero,Identification for Development (ID4D) Global Dataset,CCYY,Units,Public
datastructure,WB.DATA360:DS_DATA360(1.2),I,A3,TJK,NOID_S,_Z,Y_GE15,_Z,PT_RESP_SUB,WB_ID4D_EXP,_Z,_Z,2024,W_AVG,NUMBER,0,WB_ID4D,602,0,PU,40.2782744596321,Triennial,Tajikistan,Population without an ID by reason,Not applicable,15 years old and over,Not applicable,Percentage of respondents in the same subgroup,Driver: Too expensive,Not Applicable,Not Applicable,Weighted Average,Number (real number),Zero,Identification for Development (ID4D) Global Dataset,CCYY,Units,Public
datastructure,WB.DATA360:DS_DATA360(1.2),I,A3,TJK,NOID_S,_Z,Y_GE15,_Z,PT_RESP_SUB,WB_ID4D_FAR,_Z,_Z,2024,W_AVG,NUMBER,0,WB_ID4D,602,0,PU,33.4129918934623,Triennial,Tajikistan,Population without an ID by reason,Not applicable,15 years old and over,Not applicable,Percentage of respondents in the same subgroup,Driver: Travel too far,Not Applicable,Not Applicable,Weighted Average,Number (real number),Zero,Identification for Development (ID4D) Global Dataset,CCYY,Units,Public
datastructure,WB.DATA360:DS_DATA360(1.2),I,A3,TJK,NOID_S,_Z,Y_GE15,_Z,PT_RESP_SUB,WB_ID4D_UN,_Z,_Z,2024,W_AVG,NUMBER,0,WB_ID4D,602,0,PU,15.2829184268104,Triennial,Tajikistan,Population without an ID by reason,Not applicable,15 years old and over,Not applicable,Percentage of respondents in the same subgroup,Driver: Uncomfortable sharing info,Not Applicable,Not Applicable,Weighted Average,Number (real number),Zero,Identification for Development (ID4D) Global Dataset,CCYY,Units,Public
datastructure,WB.DATA360:DS_DATA360(1.2),I,A3,BGD,NOID_S,_Z,Y_GE15,_Z,PT_RESP_SUB,WB_ID4D_ND,_Z,_Z,2024,W_AVG,NUMBER,0,WB_ID4D,602,0,PU,23.7627733549359,Triennial,Bangladesh,Population without an ID by reason,Not applicable,15 years old and over,Not applicable,Percentage of respondents in the same subgroup,Driver: Do not need an ID,Not Applicable,Not Applicable,Weighted Average,Number (real number),Zero,Identification for Development (ID4D) Global Dataset,CCYY,Units,Public
datastructure,WB.DATA360:DS_DATA360(1.2),I,A3,BGD,NOID_S,_Z,Y_GE15,_Z,PT_RESP_SUB,WB_ID4D_OTH,_Z,_Z,2024,W_AVG,NUMBER,0,WB_ID4D,602,0,PU,76.2665342754465,Triennial,Bangladesh,Population without an ID by reason,Not applicable,15 years old and over,Not applicable,Percentage of respondents in the same subgroup,Driver: Have another ID,Not Applicable,Not Applicable,Weighted Average,Number (real number),Zero,Identification for Development (ID4D) Global Dataset,CCYY,Units,Public
datastructure,WB.DATA360:DS_DATA360(1.2),I,A3,BGD,NOID_S,_Z,Y_GE15,_Z,PT_RESP_SUB,WB_ID4D_DOCS,_Z,_Z,2024,W_AVG,NUMBER,0,WB_ID4D,602,0,PU,21.1335084525623,Triennial,Bangladesh,Population without an ID by reason,Not applicable,15 years old and over,Not applicable,Percentage of respondents in the same subgroup,Driver: No documents,Not Applicable,Not Applicable,Weighted Average,Number (real number),Zero,Identification for Development (ID4D) Global Dataset,CCYY,Units,Public
datastructure,WB.DATA360:DS_DATA360(1.2),I,A3,BGD,NOID_S,_Z,Y_GE15,_Z,PT_RESP_SUB,WB_ID4D_EXP,_Z,_Z,2024,W_AVG,NUMBER,0,WB_ID4D,602,0,PU,31.4624847736607,Triennial,Bangladesh,Population without an ID by reason,Not applicable,15 years old and over,Not applicable,Percentage of respondents in the same subgroup,Driver: Too expensive,Not Applicable,Not Applicable,Weighted Average,Number (real number),Zero,Identification for Development (ID4D) Global Dataset,CCYY,Units,Public
datastructure,WB.DATA360:DS_DATA360(1.2),I,A3,BGD,NOID_S,_Z,Y_GE15,_Z,PT_RESP_SUB,WB_ID4D_FAR,_Z,_Z,2024,W_AVG,NUMBER,0,WB_ID4D,602,0,PU,24.1655382887312,Triennial,Bangladesh,Population without an ID by reason,Not applicable,15 years old and over,Not applicable,Percentage of respondents in the same subgroup,Driver: Travel too far,Not Applicable,Not Applicable,Weighted Average,Number (real number),Zero,Identification for Development (ID4D) Global Dataset,CCYY,Units,Public
datastructure,WB.DATA360:DS_DATA360(1.2),I,A3,BGD,NOID_S,_Z,Y_GE15,_Z,PT_RESP_SUB,WB_ID4D_UN,_Z,_Z,2024,W_AVG,NUMBER,0,WB_ID4D,602,0,PU,7.65470824908017,Triennial,Bangladesh,Population without an ID by reason,Not applicable,15 years old and over,Not applicable,Percentage of respondents in the same subgroup,Driver: Uncomfortable sharing info,Not Applicable,Not Applicable,Weighted Average,Number (real number),Zero,Identification for Development (ID4D) Global Dataset,CCYY,Units,Public
datastructure,WB.DATA360:DS_DATA360(1.2),I,A3,BEN,NOID_S,_Z,Y_GE15,_Z,PT_RESP_SUB,WB_ID4D_ND,_Z,_Z,2024,W_AVG,NUMBER,0,WB_ID4D,602,0,PU,22.2098833610704,Triennial,Benin,Population without an ID by reason,Not applicable,15 years old and over,Not applicable,Percentage of respondents in the same subgroup,Driver: Do not need an ID,Not Applicable,Not Applicable,Weighted Average,Number (real number),Zero,Identification for Development (ID4D) Global Dataset,CCYY,Units,Public
datastructure,WB.DATA360:DS_DATA360(1.2),I,A3,BEN,NOID_S,_Z,Y_GE15,_Z,PT_RESP_SUB,WB_ID4D_OTH,_Z,_Z,2024,W_AVG,NUMBER,0,WB_ID4D,602,0,PU,40.6763294865904,Triennial,Benin,Population without an ID by reason,Not applicable,15 years old and over,Not applicable,Percentage of respondents in the same subgroup,Driver: Have another ID,Not Applicable,Not Applicable,Weighted Average,Number (real number),Zero,Identification for Development (ID4D) Global Dataset,CCYY,Units,Public
datastructure,WB.DATA360:DS_DATA360(1.2),I,A3,BEN,NOID_S,_Z,Y_GE15,_Z,PT_RESP_SUB,WB_ID4D_DOCS,_Z,_Z,2024,W_AVG,NUMBER,0,WB_ID4D,602,0,PU,37.471624425823,Triennial,Benin,Population without an ID by reason,Not applicable,15 years old and over,Not applicable,Percentage of respondents in the same subgroup,Driver: No documents,Not Applicable,Not Applicable,Weighted Average,Number (real number),Zero,Identification for Development (ID4D) Global Dataset,CCYY,Units,Public
datastructure,WB.DATA360:DS_DATA360(1.2),I,A3,BEN,NOID_S,_Z,Y_GE15,_Z,PT_RESP_SUB,WB_ID4D_EXP,_Z,_Z,2024,W_AVG,NUMBER,0,WB_ID4D,602,0,PU,37.2929689828498,Triennial,Benin,Population without an ID by reason,Not applicable,15 years old and over,Not applicable,Percentage of respondents in the same subgroup,Driver: Too expensive,Not Applicable,Not Applicable,Weighted Average,Number (real number),Zero,Identification for Development (ID4D) Global Dataset,CCYY,Units,Public
datastructure,WB.DATA360:DS_DATA360(1.2),I,A3,BEN,NOID_S,_Z,Y_GE15,_Z,PT_RESP_SUB,WB_ID4D_FAR,_Z,_Z,2024,W_AVG,NUMBER,0,WB_ID4D,602,0,PU,28.9564111256972,Triennial,Benin,Population without an ID by reason,Not applicable,15 years old and over,Not applicable,Percentage of respondents in the same subgroup,Driver: Travel too far,Not Applicable,Not Applicable,Weighted Average,Number (real number),Zero,Identification for Development (ID4D) Global Dataset,CCYY,Units,Public
datastructure,WB.DATA360:DS_DATA360(1.2),I,A3,BEN,NOID_S,_Z,Y_GE15,_Z,PT_RESP_SUB,WB_ID4D_UN,_Z,_Z,2024,W_AVG,NUMBER,0,WB_ID4D,602,0,PU,15.511405526749,Triennial,Benin,Population without an ID by reason,Not applicable,15 years old and over,Not applicable,Percentage of respondents in the same subgroup,Driver: Uncomfortable sharing info,Not Applicable,Not Applicable,Weighted Average,Number (real number),Zero,Identification for Development (ID4D) Global Dataset,CCYY,Units,Public
datastructure,WB.DATA360:DS_DATA360(1.2),I,A3,CMR,NOID_S,_Z,Y_GE15,_Z,PT_RESP_SUB,WB_ID4D_ND,_Z,_Z,2024,W_AVG,NUMBER,0,WB_ID4D,602,0,PU,9.83875476312979,Triennial,Cameroon,Population without an ID by reason,Not applicable,15 years old and over,Not applicable,Percentage of respondents in the same subgroup,Driver: Do not need an ID,Not Applicable,Not Applicable,Weighted Average,Number (real number),Zero,Identification for Development (ID4D) Global Dataset,CCYY,Units,Public
datastructure,WB.DATA360:DS_DATA360(1.2),I,A3,CMR,NOID_S,_Z,Y_GE15,_Z,PT_RESP_SUB,WB_ID4D_OTH,_Z,_Z,2024,W_AVG,NUMBER,0,WB_ID4D,602,0,PU,21.0729711197728,Triennial,Cameroon,Population without an ID by reason,Not applicable,15 years old and over,Not applicable,Percentage of respondents in the same subgroup,Driver: Have another ID,Not Applicable,Not Applicable,Weighted Average,Number (real number),Zero,Identification for Development (ID4D) Global Dataset,CCYY,Units,Public
datastructure,WB.DATA360:DS_DATA360(1.2),I,A3,CMR,NOID_S,_Z,Y_GE15,_Z,PT_RESP_SUB,WB_ID4D_DOCS,_Z,_Z,2024,W_AVG,NUMBER,0,WB_ID4D,602,0,PU,40.0335281571613,Triennial,Cameroon,Population without an ID by reason,Not applicable,15 years old and over,Not applicable,Percentage of respondents in the same subgroup,Driver: No documents,Not Applicable,Not Applicable,Weighted Average,Number (real number),Zero,Identification for Development (ID4D) Global Dataset,CCYY,Units,Public
datastructure,WB.DATA360:DS_DATA360(1.2),I,A3,CMR,NOID_S,_Z,Y_GE15,_Z,PT_RESP_SUB,WB_ID4D_EXP,_Z,_Z,2024,W_AVG,NUMBER,0,WB_ID4D,602,0,PU,37.1234045098502,Triennial,Cameroon,Population without an ID by reason,Not applicable,15 years old and over,Not applicable,Percentage of respondents in the same subgroup,Driver: Too expensive,Not Applicable,Not Applicable,Weighted Average,Number (real number),Zero,Identification for Development (ID4D) Global Dataset,CCYY,Units,Public
datastructure,WB.DATA360:DS_DATA360(1.2),I,A3,CMR,NOID_S,_Z,Y_GE15,_Z,PT_RESP_SUB,WB_ID4D_FAR,_Z,_Z,2024,W_AVG,NUMBER,0,WB_ID4D,602,0,PU,26.1996476347152,Triennial,Cameroon,Population without an ID by reason,Not applicable,15 years old and over,Not applicable,Percentage of respondents in the same subgroup,Driver: Travel too far,Not Applicable,Not Applicable,Weighted Average,Number (real number),Zero,Identification for Development (ID4D) Global Dataset,CCYY,Units,Public
datastructure,WB.DATA360:DS_DATA360(1.2),I,A3,CMR,NOID_S,_Z,Y_GE15,_Z,PT_RESP_SUB,WB_ID4D_UN,_Z,_Z,2024,W_AVG,NUMBER,0,WB_ID4D,602,0,PU,7.68900364713462,Triennial,Cameroon,Population without an ID by reason,Not applicable,15 years old and over,Not applicable,Percentage of respondents in the same subgroup,Driver: Uncomfortable sharing info,Not Applicable,Not Applicable,Weighted Average,Number (real number),Zero,Identification for Development (ID4D) Global Dataset,CCYY,Units,Public
datastructure,WB.DATA360:DS_DATA360(1.2),I,A3,COM,NOID_S,_Z,Y_GE15,_Z,PT_RESP_SUB,WB_ID4D_ND,_Z,_Z,2024,W_AVG,NUMBER,0,WB_ID4D,602,0,PU,36.9984495422797,Triennial,Comoros,Population without an ID by reason,Not applicable,15 years old and over,Not applicable,Percentage of respondents in the same subgroup,Driver: Do not need an ID,Not Applicable,Not Applicable,Weighted Average,Number (real number),Zero,Identification for Development (ID4D) Global Dataset,CCYY,Units,Public
datastructure,WB.DATA360:DS_DATA360(1.2),I,A3,COM,NOID_S,_Z,Y_GE15,_Z,PT_RESP_SUB,WB_ID4D_OTH,_Z,_Z,2024,W_AVG,NUMBER,0,WB_ID4D,602,0,PU,32.1475516544859,Triennial,Comoros,Population without an ID by reason,Not applicable,15 years old and over,Not applicable,Percentage of respondents in the same subgroup,Driver: Have another ID,Not Applicable,Not Applicable,Weighted Average,Number (real number),Zero,Identification for Development (ID4D) Global Dataset,CCYY,Units,Public
datastructure,WB.DATA360:DS_DATA360(1.2),I,A3,COM,NOID_S,_Z,Y_GE15,_Z,PT_RESP_SUB,WB_ID4D_DOCS,_Z,_Z,2024,W_AVG,NUMBER,0,WB_ID4D,602,0,PU,60.7443912525969,Triennial,Comoros,Population without an ID by reason,Not applicable,15 years old and over,Not applicable,Percentage of respondents in the same subgroup,Driver: No documents,Not Applicable,Not Applicable,Weighted Average,Number (real number),Zero,Identification for Development (ID4D) Global Dataset,CCYY,Units,Public
datastructure,WB.DATA360:DS_DATA360(1.2),I,A3,COM,NOID_S,_Z,Y_GE15,_Z,PT_RESP_SUB,WB_ID4D_EXP,_Z,_Z,2024,W_AVG,NUMBER,0,WB_ID4D,602,0,PU,42.9214634431474,Triennial,Comoros,Population without an ID by reason,Not applicable,15 years old and over,Not applicable,Percentage of respondents in the same subgroup,Driver: Too expensive,Not Applicable,Not Applicable,Weighted Average,Number (real number),Zero,Identification for Development (ID4D) Global Dataset,CCYY,Units,Public
datastructure,WB.DATA360:DS_DATA360(1.2),I,A3,COM,NOID_S,_Z,Y_GE15,_Z,PT_RESP_SUB,WB_ID4D_FAR,_Z,_Z,2024,W_AVG,NUMBER,0,WB_ID4D,602,0,PU,58.0301562981944,Triennial,Comoros,Population without an ID by reason,Not applicable,15 years old and over,Not applicable,Percentage of respondents in the same subgroup,Driver: Travel too far,Not Applicable,Not Applicable,Weighted Average,Number (real number),Zero,Identification for Development (ID4D) Global Dataset,CCYY,Units,Public
datastructure,WB.DATA360:DS_DATA360(1.2),I,A3,COM,NOID_S,_Z,Y_GE15,_Z,PT_RESP_SUB,WB_ID4D_UN,_Z,_Z,2024,W_AVG,NUMBER,0,WB_ID4D,602,0,PU,25.746441425078,Triennial,Comoros,Population without an ID by reason,Not applicable,15 years old and over,Not applicable,Percentage of respondents in the same subgroup,Driver: Uncomfortable sharing info,Not Applicable,Not Applicable,Weighted Average,Number (real number),Zero,Identification for Development (ID4D) Global Dataset,CCYY,Units,Public
datastructure,WB.DATA360:DS_DATA360(1.2),I,A3,COD,NOID_S,_Z,Y_GE15,_Z,PT_RESP_SUB,WB_ID4D_ND,_Z,_Z,2024,W_AVG,NUMBER,0,WB_ID4D,602,0,PU,16.3786280361786,Triennial,"Congo, Dem. Rep.",Population without an ID by reason,Not applicable,15 years old and over,Not applicable,Percentage of respondents in the same subgroup,Driver: Do not need an ID,Not Applicable,Not Applicable,Weighted Average,Number (real number),Zero,Identification for Development (ID4D) Global Dataset,CCYY,Units,Public
datastructure,WB.DATA360:DS_DATA360(1.2),I,A3,COD,NOID_S,_Z,Y_GE15,_Z,PT_RESP_SUB,WB_ID4D_OTH,_Z,_Z,2024,W_AVG,NUMBER,0,WB_ID4D,602,0,PU,8.67628966343271,Triennial,"Congo, Dem. Rep.",Population without an ID by reason,Not applicable,15 years old and over,Not applicable,Percentage of respondents in the same subgroup,Driver: Have another ID,Not Applicable,Not Applicable,Weighted Average,Number (real number),Zero,Identification for Development (ID4D) Global Dataset,CCYY,Units,Public
datastructure,WB.DATA360:DS_DATA360(1.2),I,A3,COD,NOID_S,_Z,Y_GE15,_Z,PT_RESP_SUB,WB_ID4D_DOCS,_Z,_Z,2024,W_AVG,NUMBER,0,WB_ID4D,602,0,PU,24.5774143745334,Triennial,"Congo, Dem. Rep.",Population without an ID by reason,Not applicable,15 years old and over,Not applicable,Percentage of respondents in the same subgroup,Driver: No documents,Not Applicable,Not Applicable,Weighted Average,Number (real number),Zero,Identification for Development (ID4D) Global Dataset,CCYY,Units,Public
datastructure,WB.DATA360:DS_DATA360(1.2),I,A3,COD,NOID_S,_Z,Y_GE15,_Z,PT_RESP_SUB,WB_ID4D_EXP,_Z,_Z,2024,W_AVG,NUMBER,0,WB_ID4D,602,0,PU,11.2580931912363,Triennial,"Congo, Dem. Rep.",Population without an ID by reason,Not applicable,15 years old and over,Not applicable,Percentage of respondents in the same subgroup,Driver: Too expensive,Not Applicable,Not Applicable,Weighted Average,Number (real number),Zero,Identification for Development (ID4D) Global Dataset,CCYY,Units,Public
datastructure,WB.DATA360:DS_DATA360(1.2),I,A3,COD,NOID_S,_Z,Y_GE15,_Z,PT_RESP_SUB,WB_ID4D_FAR,_Z,_Z,2024,W_AVG,NUMBER,0,WB_ID4D,602,0,PU,18.8099571210867,Triennial,"Congo, Dem. Rep.",Population without an ID by reason,Not applicable,15 years old and over,Not applicable,Percentage of respondents in the same subgroup,Driver: Travel too far,Not Applicable,Not Applicable,Weighted Average,Number (real number),Zero,Identification for Development (ID4D) Global Dataset,CCYY,Units,Public
datastructure,WB.DATA360:DS_DATA360(1.2),I,A3,COD,NOID_S,_Z,Y_GE15,_Z,PT_RESP_SUB,WB_ID4D_UN,_Z,_Z,2024,W_AVG,NUMBER,0,WB_ID4D,602,0,PU,10.3037952228362,Triennial,"Congo, Dem. Rep.",Population without an ID by reason,Not applicable,15 years old and over,Not applicable,Percentage of respondents in the same subgroup,Driver: Uncomfortable sharing info,Not Applicable,Not Applicable,Weighted Average,Number (real number),Zero,Identification for Development (ID4D) Global Dataset,CCYY,Units,Public
datastructure,WB.DATA360:DS_DATA360(1.2),I,A3,COG,NOID_S,_Z,Y_GE15,_Z,PT_RESP_SUB,WB_ID4D_ND,_Z,_Z,2024,W_AVG,NUMBER,0,WB_ID4D,602,0,PU,16.4888238225761,Triennial,"Congo, Rep.",Population without an ID by reason,Not applicable,15 years old and over,Not applicable,Percentage of respondents in the same subgroup,Driver: Do not need an ID,Not Applicable,Not Applicable,Weighted Average,Number (real number),Zero,Identification for Development (ID4D) Global Dataset,CCYY,Units,Public
datastructure,WB.DATA360:DS_DATA360(1.2),I,A3,COG,NOID_S,_Z,Y_GE15,_Z,PT_RESP_SUB,WB_ID4D_OTH,_Z,_Z,2024,W_AVG,NUMBER,0,WB_ID4D,602,0,PU,24.1038559199735,Triennial,"Congo, Rep.",Population without an ID by reason,Not applicable,15 years old and over,Not applicable,Percentage of respondents in the same subgroup,Driver: Have another ID,Not Applicable,Not Applicable,Weighted Average,Number (real number),Zero,Identification for Development (ID4D) Global Dataset,CCYY,Units,Public
datastructure,WB.DATA360:DS_DATA360(1.2),I,A3,COG,NOID_S,_Z,Y_GE15,_Z,PT_RESP_SUB,WB_ID4D_DOCS,_Z,_Z,2024,W_AVG,NUMBER,0,WB_ID4D,602,0,PU,28.0394101598766,Triennial,"Congo, Rep.",Population without an ID by reason,Not applicable,15 years old and over,Not applicable,Percentage of respondents in the same subgroup,Driver: No documents,Not Applicable,Not Applicable,Weighted Average,Number (real number),Zero,Identification for Development (ID4D) Global Dataset,CCYY,Units,Public
datastructure,WB.DATA360:DS_DATA360(1.2),I,A3,COG,NOID_S,_Z,Y_GE15,_Z,PT_RESP_SUB,WB_ID4D_EXP,_Z,_Z,2024,W_AVG,NUMBER,0,WB_ID4D,602,0,PU,35.3136859281289,Triennial,"Congo, Rep.",Population without an ID by reason,Not applicable,15 years old and over,Not applicable,Percentage of respondents in the same subgroup,Driver: Too expensive,Not Applicable,Not Applicable,Weighted Average,Number (real number),Zero,Identification for Development (ID4D) Global Dataset,CCYY,Units,Public
datastructure,WB.DATA360:DS_DATA360(1.2),I,A3,COG,NOID_S,_Z,Y_GE15,_Z,PT_RESP_SUB,WB_ID4D_FAR,_Z,_Z,2024,W_AVG,NUMBER,0,WB_ID4D,602,0,PU,35.8389300027922,Triennial,"Congo, Rep.",Population without an ID by reason,Not applicable,15 years old and over,Not applicable,Percentage of respondents in the same subgroup,Driver: Travel too far,Not Applicable,Not Applicable,Weighted Average,Number (real number),Zero,Identification for Development (ID4D) Global Dataset,CCYY,Units,Public
datastructure,WB.DATA360:DS_DATA360(1.2),I,A3,COG,NOID_S,_Z,Y_GE15,_Z,PT_RESP_SUB,WB_ID4D_UN,_Z,_Z,2024,W_AVG,NUMBER,0,WB_ID4D,602,0,PU,19.2666966190709,Triennial,"Congo, Rep.",Population without an ID by reason,Not applicable,15 years old and over,Not applicable,Percentage of respondents in the same subgroup,Driver: Uncomfortable sharing info,Not Applicable,Not Applicable,Weighted Average,Number (real number),Zero,Identification for Development (ID4D) Global Dataset,CCYY,Units,Public
datastructure,WB.DATA360:DS_DATA360(1.2),I,A3,CIV,NOID_S,_Z,Y_GE15,_Z,PT_RESP_SUB,WB_ID4D_ND,_Z,_Z,2024,W_AVG,NUMBER,0,WB_ID4D,602,0,PU,12.4644738300806,Triennial,Cote d'Ivoire,Population without an ID by reason,Not applicable,15 years old and over,Not applicable,Percentage of respondents in the same subgroup,Driver: Do not need an ID,Not Applicable,Not Applicable,Weighted Average,Number (real number),Zero,Identification for Development (ID4D) Global Dataset,CCYY,Units,Public
datastructure,WB.DATA360:DS_DATA360(1.2),I,A3,CIV,NOID_S,_Z,Y_GE15,_Z,PT_RESP_SUB,WB_ID4D_OTH,_Z,_Z,2024,W_AVG,NUMBER,0,WB_ID4D,602,0,PU,24.4435939601966,Triennial,Cote d'Ivoire,Population without an ID by reason,Not applicable,15 years old and over,Not applicable,Percentage of respondents in the same subgroup,Driver: Have another ID,Not Applicable,Not Applicable,Weighted Average,Number (real number),Zero,Identification for Development (ID4D) Global Dataset,CCYY,Units,Public
datastructure,WB.DATA360:DS_DATA360(1.2),I,A3,CIV,NOID_S,_Z,Y_GE15,_Z,PT_RESP_SUB,WB_ID4D_DOCS,_Z,_Z,2024,W_AVG,NUMBER,0,WB_ID4D,602,0,PU,40.8112820125202,Triennial,Cote d'Ivoire,Population without an ID by reason,Not applicable,15 years old and over,Not applicable,Percentage of respondents in the same subgroup,Driver: No documents,Not Applicable,Not Applicable,Weighted Average,Number (real number),Zero,Identification for Development (ID4D) Global Dataset,CCYY,Units,Public
datastructure,WB.DATA360:DS_DATA360(1.2),I,A3,CIV,NOID_S,_Z,Y_GE15,_Z,PT_RESP_SUB,WB_ID4D_EXP,_Z,_Z,2024,W_AVG,NUMBER,0,WB_ID4D,602,0,PU,37.4315737927445,Triennial,Cote d'Ivoire,Population without an ID by reason,Not applicable,15 years old and over,Not applicable,Percentage of respondents in the same subgroup,Driver: Too expensive,Not Applicable,Not Applicable,Weighted Average,Number (real number),Zero,Identification for Development (ID4D) Global Dataset,CCYY,Units,Public
datastructure,WB.DATA360:DS_DATA360(1.2),I,A3,CIV,NOID_S,_Z,Y_GE15,_Z,PT_RESP_SUB,WB_ID4D_FAR,_Z,_Z,2024,W_AVG,NUMBER,0,WB_ID4D,602,0,PU,27.9901500906872,Triennial,Cote d'Ivoire,Population without an ID by reason,Not applicable,15 years old and over,Not applicable,Percentage of respondents in the same subgroup,Driver: Travel too far,Not Applicable,Not Applicable,Weighted Average,Number (real number),Zero,Identification for Development (ID4D) Global Dataset,CCYY,Units,Public
datastructure,WB.DATA360:DS_DATA360(1.2),I,A3,CIV,NOID_S,_Z,Y_GE15,_Z,PT_RESP_SUB,WB_ID4D_UN,_Z,_Z,2024,W_AVG,NUMBER,0,WB_ID4D,602,0,PU,10.5318770272092,Triennial,Cote d'Ivoire,Population without an ID by reason,Not applicable,15 years old and over,Not applicable,Percentage of respondents in the same subgroup,Driver: Uncomfortable sharing info,Not Applicable,Not Applicable,Weighted Average,Number (real number),Zero,Identification for Development (ID4D) Global Dataset,CCYY,Units,Public
datastructure,WB.DATA360:DS_DATA360(1.2),I,A3,SWZ,NOID_S,_Z,Y_GE15,_Z,PT_RESP_SUB,WB_ID4D_ND,_Z,_Z,2024,W_AVG,NUMBER,0,WB_ID4D,602,0,PU,10.9379877974249,Triennial,Eswatini,Population without an ID by reason,Not applicable,15 years old and over,Not applicable,Percentage of respondents in the same subgroup,Driver: Do not need an ID,Not Applicable,Not Applicable,Weighted Average,Number (real number),Zero,Identification for Development (ID4D) Global Dataset,CCYY,Units,Public
datastructure,WB.DATA360:DS_DATA360(1.2),I,A3,SWZ,NOID_S,_Z,Y_GE15,_Z,PT_RESP_SUB,WB_ID4D_OTH,_Z,_Z,2024,W_AVG,NUMBER,0,WB_ID4D,602,0,PU,19.6637348348103,Triennial,Eswatini,Population without an ID by reason,Not applicable,15 years old and over,Not applicable,Percentage of respondents in the same subgroup,Driver: Have another ID,Not Applicable,Not Applicable,Weighted Average,Number (real number),Zero,Identification for Development (ID4D) Global Dataset,CCYY,Units,Public
datastructure,WB.DATA360:DS_DATA360(1.2),I,A3,SWZ,NOID_S,_Z,Y_GE15,_Z,PT_RESP_SUB,WB_ID4D_DOCS,_Z,_Z,2024,W_AVG,NUMBER,0,WB_ID4D,602,0,PU,34.2338398287252,Triennial,Eswatini,Population without an ID by reason,Not applicable,15 years old and over,Not applicable,Percentage of respondents in the same subgroup,Driver: No documents,Not Applicable,Not Applicable,Weighted Average,Number (real number),Zero,Identification for Development (ID4D) Global Dataset,CCYY,Units,Public
datastructure,WB.DATA360:DS_DATA360(1.2),I,A3,SWZ,NOID_S,_Z,Y_GE15,_Z,PT_RESP_SUB,WB_ID4D_EXP,_Z,_Z,2024,W_AVG,NUMBER,0,WB_ID4D,602,0,PU,39.6365869156904,Triennial,Eswatini,Population without an ID by reason,Not applicable,15 years old and over,Not applicable,Percentage of respondents in the same subgroup,Driver: Too expensive,Not Applicable,Not Applicable,Weighted Average,Number (real number),Zero,Identification for Development (ID4D) Global Dataset,CCYY,Units,Public
datastructure,WB.DATA360:DS_DATA360(1.2),I,A3,SWZ,NOID_S,_Z,Y_GE15,_Z,PT_RESP_SUB,WB_ID4D_FAR,_Z,_Z,2024,W_AVG,NUMBER,0,WB_ID4D,602,0,PU,37.4787264689906,Triennial,Eswatini,Population without an ID by reason,Not applicable,15 years old and over,Not applicable,Percentage of respondents in the same subgroup,Driver: Travel too far,Not Applicable,Not Applicable,Weighted Average,Number (real number),Zero,Identification for Development (ID4D) Global Dataset,CCYY,Units,Public
datastructure,WB.DATA360:DS_DATA360(1.2),I,A3,SWZ,NOID_S,_Z,Y_GE15,_Z,PT_RESP_SUB,WB_ID4D_UN,_Z,_Z,2024,W_AVG,NUMBER,0,WB_ID4D,602,0,PU,12.762071151556,Triennial,Eswatini,Population without an ID by reason,Not applicable,15 years old and over,Not applicable,Percentage of respondents in the same subgroup,Driver: Uncomfortable sharing info,Not Applicable,Not Applicable,Weighted Average,Number (real number),Zero,Identification for Development (ID4D) Global Dataset,CCYY,Units,Public
datastructure,WB.DATA360:DS_DATA360(1.2),I,A3,GAB,NOID_S,_Z,Y_GE15,_Z,PT_RESP_SUB,WB_ID4D_ND,_Z,_Z,2024,W_AVG,NUMBER,0,WB_ID4D,602,0,PU,18.820717020186,Triennial,Gabon,Population without an ID by reason,Not applicable,15 years old and over,Not applicable,Percentage of respondents in the same subgroup,Driver: Do not need an ID,Not Applicable,Not Applicable,Weighted Average,Number (real number),Zero,Identification for Development (ID4D) Global Dataset,CCYY,Units,Public
datastructure,WB.DATA360:DS_DATA360(1.2),I,A3,GAB,NOID_S,_Z,Y_GE15,_Z,PT_RESP_SUB,WB_ID4D_OTH,_Z,_Z,2024,W_AVG,NUMBER,0,WB_ID4D,602,0,PU,64.9885669854448,Triennial,Gabon,Population without an ID by reason,Not applicable,15 years old and over,Not applicable,Percentage of respondents in the same subgroup,Driver: Have another ID,Not Applicable,Not Applicable,Weighted Average,Number (real number),Zero,Identification for Development (ID4D) Global Dataset,CCYY,Units,Public
datastructure,WB.DATA360:DS_DATA360(1.2),I,A3,GAB,NOID_S,_Z,Y_GE15,_Z,PT_RESP_SUB,WB_ID4D_DOCS,_Z,_Z,2024,W_AVG,NUMBER,0,WB_ID4D,602,0,PU,29.0755471291927,Triennial,Gabon,Population without an ID by reason,Not applicable,15 years old and over,Not applicable,Percentage of respondents in the same subgroup,Driver: No documents,Not Applicable,Not Applicable,Weighted Average,Number (real number),Zero,Identification for Development (ID4D) Global Dataset,CCYY,Units,Public
datastructure,WB.DATA360:DS_DATA360(1.2),I,A3,GAB,NOID_S,_Z,Y_GE15,_Z,PT_RESP_SUB,WB_ID4D_EXP,_Z,_Z,2024,W_AVG,NUMBER,0,WB_ID4D,602,0,PU,12.7627719411881,Triennial,Gabon,Population without an ID by reason,Not applicable,15 years old and over,Not applicable,Percentage of respondents in the same subgroup,Driver: Too expensive,Not Applicable,Not Applicable,Weighted Average,Number (real number),Zero,Identification for Development (ID4D) Global Dataset,CCYY,Units,Public
datastructure,WB.DATA360:DS_DATA360(1.2),I,A3,GAB,NOID_S,_Z,Y_GE15,_Z,PT_RESP_SUB,WB_ID4D_FAR,_Z,_Z,2024,W_AVG,NUMBER,0,WB_ID4D,602,0,PU,22.1752228128701,Triennial,Gabon,Population without an ID by reason,Not applicable,15 years old and over,Not applicable,Percentage of respondents in the same subgroup,Driver: Travel too far,Not Applicable,Not Applicable,Weighted Average,Number (real number),Zero,Identification for Development (ID4D) Global Dataset,CCYY,Units,Public
datastructure,WB.DATA360:DS_DATA360(1.2),I,A3,GAB,NOID_S,_Z,Y_GE15,_Z,PT_RESP_SUB,WB_ID4D_UN,_Z,_Z,2024,W_AVG,NUMBER,0,WB_ID4D,602,0,PU,23.8010037657648,Triennial,Gabon,Population without an ID by reason,Not applicable,15 years old and over,Not applicable,Percentage of respondents in the same subgroup,Driver: Uncomfortable sharing info,Not Applicable,Not Applicable,Weighted Average,Number (real number),Zero,Identification for Development (ID4D) Global Dataset,CCYY,Units,Public
datastructure,WB.DATA360:DS_DATA360(1.2),I,A3,GMB,NOID_S,_Z,Y_GE15,_Z,PT_RESP_SUB,WB_ID4D_ND,_Z,_Z,2024,W_AVG,NUMBER,0,WB_ID4D,602,0,PU,23.5619319521546,Triennial,"Gambia, The",Population without an ID by reason,Not applicable,15 years old and over,Not applicable,Percentage of respondents in the same subgroup,Driver: Do not need an ID,Not Applicable,Not Applicable,Weighted Average,Number (real number),Zero,Identification for Development (ID4D) Global Dataset,CCYY,Units,Public
datastructure,WB.DATA360:DS_DATA360(1.2),I,A3,GMB,NOID_S,_Z,Y_GE15,_Z,PT_RESP_SUB,WB_ID4D_OTH,_Z,_Z,2024,W_AVG,NUMBER,0,WB_ID4D,602,0,PU,36.8704220478085,Triennial,"Gambia, The",Population without an ID by reason,Not applicable,15 years old and over,Not applicable,Percentage of respondents in the same subgroup,Driver: Have another ID,Not Applicable,Not Applicable,Weighted Average,Number (real number),Zero,Identification for Development (ID4D) Global Dataset,CCYY,Units,Public
datastructure,WB.DATA360:DS_DATA360(1.2),I,A3,GMB,NOID_S,_Z,Y_GE15,_Z,PT_RESP_SUB,WB_ID4D_DOCS,_Z,_Z,2024,W_AVG,NUMBER,0,WB_ID4D,602,0,PU,18.134669967002,Triennial,"Gambia, The",Population without an ID by reason,Not applicable,15 years old and over,Not applicable,Percentage of respondents in the same subgroup,Driver: No documents,Not Applicable,Not Applicable,Weighted Average,Number (real number),Zero,Identification for Development (ID4D) Global Dataset,CCYY,Units,Public
datastructure,WB.DATA360:DS_DATA360(1.2),I,A3,GMB,NOID_S,_Z,Y_GE15,_Z,PT_RESP_SUB,WB_ID4D_EXP,_Z,_Z,2024,W_AVG,NUMBER,0,WB_ID4D,602,0,PU,28.3929119602745,Triennial,"Gambia, The",Population without an ID by reason,Not applicable,15 years old and over,Not applicable,Percentage of respondents in the same subgroup,Driver: Too expensive,Not Applicable,Not Applicable,Weighted Average,Number (real number),Zero,Identification for Development (ID4D) Global Dataset,CCYY,Units,Public
datastructure,WB.DATA360:DS_DATA360(1.2),I,A3,GMB,NOID_S,_Z,Y_GE15,_Z,PT_RESP_SUB,WB_ID4D_FAR,_Z,_Z,2024,W_AVG,NUMBER,0,WB_ID4D,602,0,PU,17.1198160098205,Triennial,"Gambia, The",Population without an ID by reason,Not applicable,15 years old and over,Not applicable,Percentage of respondents in the same subgroup,Driver: Travel too far,Not Applicable,Not Applicable,Weighted Average,Number (real number),Zero,Identification for Development (ID4D) Global Dataset,CCYY,Units,Public
datastructure,WB.DATA360:DS_DATA360(1.2),I,A3,GMB,NOID_S,_Z,Y_GE15,_Z,PT_RESP_SUB,WB_ID4D_UN,_Z,_Z,2024,W_AVG,NUMBER,0,WB_ID4D,602,0,PU,7.83986023358921,Triennial,"Gambia, The",Population without an ID by reason,Not applicable,15 years old and over,Not applicable,Percentage of respondents in the same subgroup,Driver: Uncomfortable sharing info,Not Applicable,Not Applicable,Weighted Average,Number (real number),Zero,Identification for Development (ID4D) Global Dataset,CCYY,Units,Public
datastructure,WB.DATA360:DS_DATA360(1.2),I,A3,GHA,NOID_S,_Z,Y_GE15,_Z,PT_RESP_SUB,WB_ID4D_ND,_Z,_Z,2024,W_AVG,NUMBER,0,WB_ID4D,602,0,PU,20.920069218764,Triennial,Ghana,Population without an ID by reason,Not applicable,15 years old and over,Not applicable,Percentage of respondents in the same subgroup,Driver: Do not need an ID,Not Applicable,Not Applicable,Weighted Average,Number (real number),Zero,Identification for Development (ID4D) Global Dataset,CCYY,Units,Public
datastructure,WB.DATA360:DS_DATA360(1.2),I,A3,GHA,NOID_S,_Z,Y_GE15,_Z,PT_RESP_SUB,WB_ID4D_OTH,_Z,_Z,2024,W_AVG,NUMBER,0,WB_ID4D,602,0,PU,24.5521360500179,Triennial,Ghana,Population without an ID by reason,Not applicable,15 years old and over,Not applicable,Percentage of respondents in the same subgroup,Driver: Have another ID,Not Applicable,Not Applicable,Weighted Average,Number (real number),Zero,Identification for Development (ID4D) Global Dataset,CCYY,Units,Public
datastructure,WB.DATA360:DS_DATA360(1.2),I,A3,GHA,NOID_S,_Z,Y_GE15,_Z,PT_RESP_SUB,WB_ID4D_DOCS,_Z,_Z,2024,W_AVG,NUMBER,0,WB_ID4D,602,0,PU,33.5378708137297,Triennial,Ghana,Population without an ID by reason,Not applicable,15 years old and over,Not applicable,Percentage of respondents in the same subgroup,Driver: No documents,Not Applicable,Not Applicable,Weighted Average,Number (real number),Zero,Identification for Development (ID4D) Global Dataset,CCYY,Units,Public
datastructure,WB.DATA360:DS_DATA360(1.2),I,A3,GHA,NOID_S,_Z,Y_GE15,_Z,PT_RESP_SUB,WB_ID4D_EXP,_Z,_Z,2024,W_AVG,NUMBER,0,WB_ID4D,602,0,PU,48.1032692316193,Triennial,Ghana,Population without an ID by reason,Not applicable,15 years old and over,Not applicable,Percentage of respondents in the same subgroup,Driver: Too expensive,Not Applicable,Not Applicable,Weighted Average,Number (real number),Zero,Identification for Development (ID4D) Global Dataset,CCYY,Units,Public
datastructure,WB.DATA360:DS_DATA360(1.2),I,A3,GHA,NOID_S,_Z,Y_GE15,_Z,PT_RESP_SUB,WB_ID4D_FAR,_Z,_Z,2024,W_AVG,NUMBER,0,WB_ID4D,602,0,PU,22.4470738032078,Triennial,Ghana,Population without an ID by reason,Not applicable,15 years old and over,Not applicable,Percentage of respondents in the same subgroup,Driver: Travel too far,Not Applicable,Not Applicable,Weighted Average,Number (real number),Zero,Identification for Development (ID4D) Global Dataset,CCYY,Units,Public
datastructure,WB.DATA360:DS_DATA360(1.2),I,A3,GHA,NOID_S,_Z,Y_GE15,_Z,PT_RESP_SUB,WB_ID4D_UN,_Z,_Z,2024,W_AVG,NUMBER,0,WB_ID4D,602,0,PU,15.0171397732509,Triennial,Ghana,Population without an ID by reason,Not applicable,15 years old and over,Not applicable,Percentage of respondents in the same subgroup,Driver: Uncomfortable sharing info,Not Applicable,Not Applicable,Weighted Average,Number (real number),Zero,Identification for Development (ID4D) Global Dataset,CCYY,Units,Public
datastructure,WB.DATA360:DS_DATA360(1.2),I,A3,GIN,NOID_S,_Z,Y_GE15,_Z,PT_RESP_SUB,WB_ID4D_ND,_Z,_Z,2024,W_AVG,NUMBER,0,WB_ID4D,602,0,PU,36.8188010247924,Triennial,Guinea,Population without an ID by reason,Not applicable,15 years old and over,Not applicable,Percentage of respondents in the same subgroup,Driver: Do not need an ID,Not Applicable,Not Applicable,Weighted Average,Number (real number),Zero,Identification for Development (ID4D) Global Dataset,CCYY,Units,Public
datastructure,WB.DATA360:DS_DATA360(1.2),I,A3,GIN,NOID_S,_Z,Y_GE15,_Z,PT_RESP_SUB,WB_ID4D_OTH,_Z,_Z,2024,W_AVG,NUMBER,0,WB_ID4D,602,0,PU,25.0324494431858,Triennial,Guinea,Population without an ID by reason,Not applicable,15 years old and over,Not applicable,Percentage of respondents in the same subgroup,Driver: Have another ID,Not Applicable,Not Applicable,Weighted Average,Number (real number),Zero,Identification for Development (ID4D) Global Dataset,CCYY,Units,Public
datastructure,WB.DATA360:DS_DATA360(1.2),I,A3,GIN,NOID_S,_Z,Y_GE15,_Z,PT_RESP_SUB,WB_ID4D_DOCS,_Z,_Z,2024,W_AVG,NUMBER,0,WB_ID4D,602,0,PU,63.9944090339817,Triennial,Guinea,Population without an ID by reason,Not applicable,15 years old and over,Not applicable,Percentage of respondents in the same subgroup,Driver: No documents,Not Applicable,Not Applicable,Weighted Average,Number (real number),Zero,Identification for Development (ID4D) Global Dataset,CCYY,Units,Public
datastructure,WB.DATA360:DS_DATA360(1.2),I,A3,GIN,NOID_S,_Z,Y_GE15,_Z,PT_RESP_SUB,WB_ID4D_EXP,_Z,_Z,2024,W_AVG,NUMBER,0,WB_ID4D,602,0,PU,74.2431971350809,Triennial,Guinea,Population without an ID by reason,Not applicable,15 years old and over,Not applicable,Percentage of respondents in the same subgroup,Driver: Too expensive,Not Applicable,Not Applicable,Weighted Average,Number (real number),Zero,Identification for Development (ID4D) Global Dataset,CCYY,Units,Public
datastructure,WB.DATA360:DS_DATA360(1.2),I,A3,GIN,NOID_S,_Z,Y_GE15,_Z,PT_RESP_SUB,WB_ID4D_FAR,_Z,_Z,2024,W_AVG,NUMBER,0,WB_ID4D,602,0,PU,55.8965658283818,Triennial,Guinea,Population without an ID by reason,Not applicable,15 years old and over,Not applicable,Percentage of respondents in the same subgroup,Driver: Travel too far,Not Applicable,Not Applicable,Weighted Average,Number (real number),Zero,Identification for Development (ID4D) Global Dataset,CCYY,Units,Public
datastructure,WB.DATA360:DS_DATA360(1.2),I,A3,GIN,NOID_S,_Z,Y_GE15,_Z,PT_RESP_SUB,WB_ID4D_UN,_Z,_Z,2024,W_AVG,NUMBER,0,WB_ID4D,602,0,PU,26.6260834342207,Triennial,Guinea,Population without an ID by reason,Not applicable,15 years old and over,Not applicable,Percentage of respondents in the same subgroup,Driver: Uncomfortable sharing info,Not Applicable,Not Applicable,Weighted Average,Number (real number),Zero,Identification for Development (ID4D) Global Dataset,CCYY,Units,Public
datastructure,WB.DATA360:DS_DATA360(1.2),I,A3,TZA,NOID_S,_Z,Y_GE15,_Z,PT_RESP_SUB,WB_ID4D_ND,_Z,_Z,2024,W_AVG,NUMBER,0,WB_ID4D,602,0,PU,9.80917403311866,Triennial,Tanzania,Population without an ID by reason,Not applicable,15 years old and over,Not applicable,Percentage of respondents in the same subgroup,Driver: Do not need an ID,Not Applicable,Not Applicable,Weighted Average,Number (real number),Zero,Identification for Development (ID4D) Global Dataset,CCYY,Units,Public
datastructure,WB.DATA360:DS_DATA360(1.2),I,A3,TZA,NOID_S,_Z,Y_GE15,_Z,PT_RESP_SUB,WB_ID4D_OTH,_Z,_Z,2024,W_AVG,NUMBER,0,WB_ID4D,602,0,PU,17.7634976496463,Triennial,Tanzania,Population without an ID by reason,Not applicable,15 years old and over,Not applicable,Percentage of respondents in the same subgroup,Driver: Have another ID,Not Applicable,Not Applicable,Weighted Average,Number (real number),Zero,Identification for Development (ID4D) Global Dataset,CCYY,Units,Public
datastructure,WB.DATA360:DS_DATA360(1.2),I,A3,TZA,NOID_S,_Z,Y_GE15,_Z,PT_RESP_SUB,WB_ID4D_DOCS,_Z,_Z,2024,W_AVG,NUMBER,0,WB_ID4D,602,0,PU,35.8187169312732,Triennial,Tanzania,Population without an ID by reason,Not applicable,15 years old and over,Not applicable,Percentage of respondents in the same subgroup,Driver: No documents,Not Applicable,Not Applicable,Weighted Average,Number (real number),Zero,Identification for Development (ID4D) Global Dataset,CCYY,Units,Public
datastructure,WB.DATA360:DS_DATA360(1.2),I,A3,TZA,NOID_S,_Z,Y_GE15,_Z,PT_RESP_SUB,WB_ID4D_EXP,_Z,_Z,2024,W_AVG,NUMBER,0,WB_ID4D,602,0,PU,19.6003214210478,Triennial,Tanzania,Population without an ID by reason,Not applicable,15 years old and over,Not applicable,Percentage of respondents in the same subgroup,Driver: Too expensive,Not Applicable,Not Applicable,Weighted Average,Number (real number),Zero,Identification for Development (ID4D) Global Dataset,CCYY,Units,Public
datastructure,WB.DATA360:DS_DATA360(1.2),I,A3,TZA,NOID_S,_Z,Y_GE15,_Z,PT_RESP_SUB,WB_ID4D_FAR,_Z,_Z,2024,W_AVG,NUMBER,0,WB_ID4D,602,0,PU,36.5128520839063,Triennial,Tanzania,Population without an ID by reason,Not applicable,15 years old and over,Not applicable,Percentage of respondents in the same subgroup,Driver: Travel too far,Not Applicable,Not Applicable,Weighted Average,Number (real number),Zero,Identification for Development (ID4D) Global Dataset,CCYY,Units,Public
datastructure,WB.DATA360:DS_DATA360(1.2),I,A3,TZA,NOID_S,_Z,Y_GE15,_Z,PT_RESP_SUB,WB_ID4D_UN,_Z,_Z,2024,W_AVG,NUMBER,0,WB_ID4D,602,0,PU,13.4626715357553,Triennial,Tanzania,Population without an ID by reason,Not applicable,15 years old and over,Not applicable,Percentage of respondents in the same subgroup,Driver: Uncomfortable sharing info,Not Applicable,Not Applicable,Weighted Average,Number (real number),Zero,Identification for Development (ID4D) Global Dataset,CCYY,Units,Public
datastructure,WB.DATA360:DS_DATA360(1.2),I,A3,TGO,NOID_S,_Z,Y_GE15,_Z,PT_RESP_SUB,WB_ID4D_ND,_Z,_Z,2024,W_AVG,NUMBER,0,WB_ID4D,602,0,PU,23.6251129840246,Triennial,Togo,Population without an ID by reason,Not applicable,15 years old and over,Not applicable,Percentage of respondents in the same subgroup,Driver: Do not need an ID,Not Applicable,Not Applicable,Weighted Average,Number (real number),Zero,Identification for Development (ID4D) Global Dataset,CCYY,Units,Public
datastructure,WB.DATA360:DS_DATA360(1.2),I,A3,TGO,NOID_S,_Z,Y_GE15,_Z,PT_RESP_SUB,WB_ID4D_OTH,_Z,_Z,2024,W_AVG,NUMBER,0,WB_ID4D,602,0,PU,50.5705345806795,Triennial,Togo,Population without an ID by reason,Not applicable,15 years old and over,Not applicable,Percentage of respondents in the same subgroup,Driver: Have another ID,Not Applicable,Not Applicable,Weighted Average,Number (real number),Zero,Identification for Development (ID4D) Global Dataset,CCYY,Units,Public
datastructure,WB.DATA360:DS_DATA360(1.2),I,A3,TGO,NOID_S,_Z,Y_GE15,_Z,PT_RESP_SUB,WB_ID4D_DOCS,_Z,_Z,2024,W_AVG,NUMBER,0,WB_ID4D,602,0,PU,66.2846771542406,Triennial,Togo,Population without an ID by reason,Not applicable,15 years old and over,Not applicable,Percentage of respondents in the same subgroup,Driver: No documents,Not Applicable,Not Applicable,Weighted Average,Number (real number),Zero,Identification for Development (ID4D) Global Dataset,CCYY,Units,Public
datastructure,WB.DATA360:DS_DATA360(1.2),I,A3,TGO,NOID_S,_Z,Y_GE15,_Z,PT_RESP_SUB,WB_ID4D_EXP,_Z,_Z,2024,W_AVG,NUMBER,0,WB_ID4D,602,0,PU,44.5062976672068,Triennial,Togo,Population without an ID by reason,Not applicable,15 years old and over,Not applicable,Percentage of respondents in the same subgroup,Driver: Too expensive,Not Applicable,Not Applicable,Weighted Average,Number (real number),Zero,Identification for Development (ID4D) Global Dataset,CCYY,Units,Public
datastructure,WB.DATA360:DS_DATA360(1.2),I,A3,TGO,NOID_S,_Z,Y_GE15,_Z,PT_RESP_SUB,WB_ID4D_FAR,_Z,_Z,2024,W_AVG,NUMBER,0,WB_ID4D,602,0,PU,44.2898256571403,Triennial,Togo,Population without an ID by reason,Not applicable,15 years old and over,Not applicable,Percentage of respondents in the same subgroup,Driver: Travel too far,Not Applicable,Not Applicable,Weighted Average,Number (real number),Zero,Identification for Development (ID4D) Global Dataset,CCYY,Units,Public
datastructure,WB.DATA360:DS_DATA360(1.2),I,A3,TGO,NOID_S,_Z,Y_GE15,_Z,PT_RESP_SUB,WB_ID4D_UN,_Z,_Z,2024,W_AVG,NUMBER,0,WB_ID4D,602,0,PU,8.57916854996217,Triennial,Togo,Population without an ID by reason,Not applicable,15 years old and over,Not applicable,Percentage of respondents in the same subgroup,Driver: Uncomfortable sharing info,Not Applicable,Not Applicable,Weighted Average,Number (real number),Zero,Identification for Development (ID4D) Global Dataset,CCYY,Units,Public
datastructure,WB.DATA360:DS_DATA360(1.2),I,A3,UGA,NOID_S,_Z,Y_GE15,_Z,PT_RESP_SUB,WB_ID4D_ND,_Z,_Z,2024,W_AVG,NUMBER,0,WB_ID4D,602,0,PU,9.43235479050496,Triennial,Uganda,Population without an ID by reason,Not applicable,15 years old and over,Not applicable,Percentage of respondents in the same subgroup,Driver: Do not need an ID,Not Applicable,Not Applicable,Weighted Average,Number (real number),Zero,Identification for Development (ID4D) Global Dataset,CCYY,Units,Public
datastructure,WB.DATA360:DS_DATA360(1.2),I,A3,UGA,NOID_S,_Z,Y_GE15,_Z,PT_RESP_SUB,WB_ID4D_OTH,_Z,_Z,2024,W_AVG,NUMBER,0,WB_ID4D,602,0,PU,10.30465268126,Triennial,Uganda,Population without an ID by reason,Not applicable,15 years old and over,Not applicable,Percentage of respondents in the same subgroup,Driver: Have another ID,Not Applicable,Not Applicable,Weighted Average,Number (real number),Zero,Identification for Development (ID4D) Global Dataset,CCYY,Units,Public
datastructure,WB.DATA360:DS_DATA360(1.2),I,A3,UGA,NOID_S,_Z,Y_GE15,_Z,PT_RESP_SUB,WB_ID4D_DOCS,_Z,_Z,2024,W_AVG,NUMBER,0,WB_ID4D,602,0,PU,28.6259556956302,Triennial,Uganda,Population without an ID by reason,Not applicable,15 years old and over,Not applicable,Percentage of respondents in the same subgroup,Driver: No documents,Not Applicable,Not Applicable,Weighted Average,Number (real number),Zero,Identification for Development (ID4D) Global Dataset,CCYY,Units,Public
datastructure,WB.DATA360:DS_DATA360(1.2),I,A3,UGA,NOID_S,_Z,Y_GE15,_Z,PT_RESP_SUB,WB_ID4D_EXP,_Z,_Z,2024,W_AVG,NUMBER,0,WB_ID4D,602,0,PU,25.4314128169249,Triennial,Uganda,Population without an ID by reason,Not applicable,15 years old and over,Not applicable,Percentage of respondents in the same subgroup,Driver: Too expensive,Not Applicable,Not Applicable,Weighted Average,Number (real number),Zero,Identification for Development (ID4D) Global Dataset,CCYY,Units,Public
datastructure,WB.DATA360:DS_DATA360(1.2),I,A3,UGA,NOID_S,_Z,Y_GE15,_Z,PT_RESP_SUB,WB_ID4D_FAR,_Z,_Z,2024,W_AVG,NUMBER,0,WB_ID4D,602,0,PU,36.863521567618,Triennial,Uganda,Population without an ID by reason,Not applicable,15 years old and over,Not applicable,Percentage of respondents in the same subgroup,Driver: Travel too far,Not Applicable,Not Applicable,Weighted Average,Number (real number),Zero,Identification for Development (ID4D) Global Dataset,CCYY,Units,Public
datastructure,WB.DATA360:DS_DATA360(1.2),I,A3,UGA,NOID_S,_Z,Y_GE15,_Z,PT_RESP_SUB,WB_ID4D_UN,_Z,_Z,2024,W_AVG,NUMBER,0,WB_ID4D,602,0,PU,10.4956117243815,Triennial,Uganda,Population without an ID by reason,Not applicable,15 years old and over,Not applicable,Percentage of respondents in the same subgroup,Driver: Uncomfortable sharing info,Not Applicable,Not Applicable,Weighted Average,Number (real number),Zero,Identification for Development (ID4D) Global Dataset,CCYY,Units,Public
datastructure,WB.DATA360:DS_DATA360(1.2),I,A3,ZMB,NOID_S,_Z,Y_GE15,_Z,PT_RESP_SUB,WB_ID4D_ND,_Z,_Z,2024,W_AVG,NUMBER,0,WB_ID4D,602,0,PU,5.05977085274404,Triennial,Zambia,Population without an ID by reason,Not applicable,15 years old and over,Not applicable,Percentage of respondents in the same subgroup,Driver: Do not need an ID,Not Applicable,Not Applicable,Weighted Average,Number (real number),Zero,Identification for Development (ID4D) Global Dataset,CCYY,Units,Public
datastructure,WB.DATA360:DS_DATA360(1.2),I,A3,ZMB,NOID_S,_Z,Y_GE15,_Z,PT_RESP_SUB,WB_ID4D_OTH,_Z,_Z,2024,W_AVG,NUMBER,0,WB_ID4D,602,0,PU,4.68308022605297,Triennial,Zambia,Population without an ID by reason,Not applicable,15 years old and over,Not applicable,Percentage of respondents in the same subgroup,Driver: Have another ID,Not Applicable,Not Applicable,Weighted Average,Number (real number),Zero,Identification for Development (ID4D) Global Dataset,CCYY,Units,Public
datastructure,WB.DATA360:DS_DATA360(1.2),I,A3,ZMB,NOID_S,_Z,Y_GE15,_Z,PT_RESP_SUB,WB_ID4D_DOCS,_Z,_Z,2024,W_AVG,NUMBER,0,WB_ID4D,602,0,PU,16.9346860354928,Triennial,Zambia,Population without an ID by reason,Not applicable,15 years old and over,Not applicable,Percentage of respondents in the same subgroup,Driver: No documents,Not Applicable,Not Applicable,Weighted Average,Number (real number),Zero,Identification for Development (ID4D) Global Dataset,CCYY,Units,Public
datastructure,WB.DATA360:DS_DATA360(1.2),I,A3,ZMB,NOID_S,_Z,Y_GE15,_Z,PT_RESP_SUB,WB_ID4D_EXP,_Z,_Z,2024,W_AVG,NUMBER,0,WB_ID4D,602,0,PU,5.78563705772047,Triennial,Zambia,Population without an ID by reason,Not applicable,15 years old and over,Not applicable,Percentage of respondents in the same subgroup,Driver: Too expensive,Not Applicable,Not Applicable,Weighted Average,Number (real number),Zero,Identification for Development (ID4D) Global Dataset,CCYY,Units,Public
datastructure,WB.DATA360:DS_DATA360(1.2),I,A3,ZMB,NOID_S,_Z,Y_GE15,_Z,PT_RESP_SUB,WB_ID4D_FAR,_Z,_Z,2024,W_AVG,NUMBER,0,WB_ID4D,602,0,PU,14.366754728691,Triennial,Zambia,Population without an ID by reason,Not applicable,15 years old and over,Not applicable,Percentage of respondents in the same subgroup,Driver: Travel too far,Not Applicable,Not Applicable,Weighted Average,Number (real number),Zero,Identification for Development (ID4D) Global Dataset,CCYY,Units,Public
datastructure,WB.DATA360:DS_DATA360(1.2),I,A3,ZMB,NOID_S,_Z,Y_GE15,_Z,PT_RESP_SUB,WB_ID4D_UN,_Z,_Z,2024,W_AVG,NUMBER,0,WB_ID4D,602,0,PU,8.19307345147573,Triennial,Zambia,Population without an ID by reason,Not applicable,15 years old and over,Not applicable,Percentage of respondents in the same subgroup,Driver: Uncomfortable sharing info,Not Applicable,Not Applicable,Weighted Average,Number (real number),Zero,Identification for Development (ID4D) Global Dataset,CCYY,Units,Public
